Partie_ID,Date,Phase,Tour,Contrat,Type_Contrat,Joueur,Score_Avant,Score_Après,Réussi,Nb,Gain,Classement_final,Cible,Ordre
1,2025-10-08,P1,1,Capital,Points,Ely,0,86,1,,86,2,1,1
1,2025-10-08,P1,1,Capital,Points,Manon,0,36,1,,36,4,1,2
1,2025-10-08,P1,1,Capital,Points,Aurel,0,51,1,,51,1,1,3
1,2025-10-08,P1,1,Capital,Points,Antoine,0,3,1,,3,3,1,4
1,2025-10-08,P1,2,20,Nombre,Ely,86,106,1,1,20,2,1,1
1,2025-10-08,P1,2,20,Nombre,Manon,36,56,1,1,20,4,1,2
1,2025-10-08,P1,2,20,Nombre,Aurel,51,111,1,3,60,1,1,3
1,2025-10-08,P1,2,20,Nombre,Antoine,3,63,1,3,60,3,1,4
1,2025-10-08,P1,3,Suite,Spécial,Ely,106,136,1,,30,2,1,1
1,2025-10-08,P1,3,Suite,Spécial,Manon,56,108,1,,52,4,1,2
1,2025-10-08,P1,3,Suite,Spécial,Aurel,111,193,1,,82,1,1,3
1,2025-10-08,P1,3,Suite,Spécial,Antoine,63,31,0,,-32,3,1,4
1,2025-10-08,P1,4,19,Nombre,Ely,136,155,1,1,19,2,1,1
1,2025-10-08,P1,4,19,Nombre,Manon,108,127,1,1,19,4,1,2
1,2025-10-08,P1,4,19,Nombre,Aurel,193,212,1,1,19,1,1,3
1,2025-10-08,P1,4,19,Nombre,Antoine,31,50,1,1,19,3,1,4
1,2025-10-08,P1,5,Côtés,Spécial,Ely,155,77,0,,-78,2,1,1
1,2025-10-08,P1,5,Côtés,Spécial,Manon,127,63,0,,-64,4,1,2
1,2025-10-08,P1,5,Côtés,Spécial,Aurel,212,106,0,,-106,1,1,3
1,2025-10-08,P1,5,Côtés,Spécial,Antoine,50,25,0,,-25,3,1,4
1,2025-10-08,P1,6,18,Nombre,Ely,77,113,1,2,36,2,1,1
1,2025-10-08,P1,6,18,Nombre,Manon,63,135,1,4,72,4,1,2
1,2025-10-08,P1,6,18,Nombre,Aurel,106,124,1,1,18,1,1,3
1,2025-10-08,P1,6,18,Nombre,Antoine,25,43,1,1,18,3,1,4
1,2025-10-08,P1,7,Couleurs,Spécial,Ely,113,56,0,,-57,2,1,1
1,2025-10-08,P1,7,Couleurs,Spécial,Manon,135,67,0,,-68,4,1,2
1,2025-10-08,P1,7,Couleurs,Spécial,Aurel,124,62,0,,-62,1,1,3
1,2025-10-08,P1,7,Couleurs,Spécial,Antoine,43,88,1,,45,3,1,4
1,2025-10-08,P1,8,17,Nombre,Ely,56,73,1,1,17,2,1,1
1,2025-10-08,P1,8,17,Nombre,Manon,67,118,1,3,51,4,1,2
1,2025-10-08,P1,8,17,Nombre,Aurel,62,79,1,1,17,1,1,3
1,2025-10-08,P1,8,17,Nombre,Antoine,88,122,1,2,34,3,1,4
1,2025-10-08,P1,9,57 pts,Spécial,Ely,73,36,0,,-37,2,1,1
1,2025-10-08,P1,9,57 pts,Spécial,Manon,118,59,0,,-59,4,1,2
1,2025-10-08,P1,9,57 pts,Spécial,Aurel,79,39,0,,-40,1,1,3
1,2025-10-08,P1,9,57 pts,Spécial,Antoine,122,61,0,,-61,3,1,4
1,2025-10-08,P1,10,16,Nombre,Ely,36,68,1,2,32,2,1,1
1,2025-10-08,P1,10,16,Nombre,Manon,59,75,1,1,16,4,1,2
1,2025-10-08,P1,10,16,Nombre,Aurel,39,71,1,2,32,1,1,3
1,2025-10-08,P1,10,16,Nombre,Antoine,61,125,1,4,64,3,1,4
1,2025-10-08,P1,11,Peluche,Spécial,Ely,68,34,0,,-34,2,1,1
1,2025-10-08,P1,11,Peluche,Spécial,Manon,75,37,0,,-38,4,1,2
1,2025-10-08,P1,11,Peluche,Spécial,Aurel,71,30,0,,-41,1,1,3
1,2025-10-08,P1,11,Peluche,Spécial,Antoine,125,62,0,,-63,3,1,4
1,2025-10-08,P1,12,15,Nombre,Ely,34,49,1,1,15,2,1,1
1,2025-10-08,P1,12,15,Nombre,Manon,37,52,1,1,15,4,1,2
1,2025-10-08,P1,12,15,Nombre,Aurel,30,75,1,3,45,1,1,3
1,2025-10-08,P1,12,15,Nombre,Antoine,62,92,1,2,30,3,1,4
1,2025-10-08,P1,13,Triple,Spécial,Ely,49,24,0,,-25,2,1,1
1,2025-10-08,P1,13,Triple,Spécial,Manon,52,26,0,,-26,4,1,2
1,2025-10-08,P1,13,Triple,Spécial,Aurel,75,93,1,,18,1,1,3
1,2025-10-08,P1,13,Triple,Spécial,Antoine,92,46,0,,-46,3,1,4
1,2025-10-08,P1,14,14,Nombre,Ely,24,38,1,1,14,2,1,1
1,2025-10-08,P1,14,14,Nombre,Manon,26,96,1,5,70,4,1,2
1,2025-10-08,P1,14,14,Nombre,Aurel,93,121,1,2,28,1,1,3
1,2025-10-08,P1,14,14,Nombre,Antoine,46,60,1,1,14,3,1,4
1,2025-10-08,P1,15,Double,Spécial,Ely,38,19,0,,-19,2,1,1
1,2025-10-08,P1,15,Double,Spécial,Manon,96,110,1,,14,4,1,2
1,2025-10-08,P1,15,Double,Spécial,Aurel,121,60,0,,-61,1,1,3
1,2025-10-08,P1,15,Double,Spécial,Antoine,60,30,0,,-30,3,1,4
1,2025-10-08,P1,16,13,Nombre,Ely,19,58,1,3,39,2,1,1
1,2025-10-08,P1,16,13,Nombre,Manon,110,55,0,"-4,230769231",-55,4,1,2
1,2025-10-08,P1,16,13,Nombre,Aurel,60,99,1,3,39,1,1,3
1,2025-10-08,P1,16,13,Nombre,Antoine,30,56,1,2,26,3,1,4
1,2025-10-08,P1,17,25,Spécial,Ely,58,83,1,1,25,2,1,1
1,2025-10-08,P1,17,25,Spécial,Manon,55,27,0,"-1,12",-28,4,1,2
1,2025-10-08,P1,17,25,Spécial,Aurel,99,124,1,1,25,1,1,3
1,2025-10-08,P1,17,25,Spécial,Antoine,56,28,0,"-1,12",-28,3,1,4
2,2025-10-08,P1,1,Capital,Points,Quentin,0,80,1,,80,1,2,1
2,2025-10-08,P1,1,Capital,Points,Remi,0,16,1,,16,2,2,2
2,2025-10-08,P1,1,Capital,Points,Béné,0,41,1,,41,3,2,3
2,2025-10-08,P1,1,Capital,Points,Hepa,0,22,1,,22,4,2,4
2,2025-10-08,P1,2,20,Nombre,Quentin,80,140,1,3,60,1,2,1
2,2025-10-08,P1,2,20,Nombre,Remi,16,8,0,"-0,4",-8,2,2,2
2,2025-10-08,P1,2,20,Nombre,Béné,41,20,0,"-1,05",-21,3,2,3
2,2025-10-08,P1,2,20,Nombre,Hepa,22,11,0,"-0,55",-11,4,2,4
2,2025-10-08,P1,3,Suite,Spécial,Quentin,140,70,0,,-70,1,2,1
2,2025-10-08,P1,3,Suite,Spécial,Remi,8,4,0,,-4,2,2,2
2,2025-10-08,P1,3,Suite,Spécial,Béné,20,10,0,,-10,3,2,3
2,2025-10-08,P1,3,Suite,Spécial,Hepa,11,5,0,,-6,4,2,4
2,2025-10-08,P1,4,19,Nombre,Quentin,70,127,1,3,57,1,2,1
2,2025-10-08,P1,4,19,Nombre,Remi,4,2,0,"-0,1052631579",-2,2,2,2
2,2025-10-08,P1,4,19,Nombre,Béné,10,29,1,1,19,3,2,3
2,2025-10-08,P1,4,19,Nombre,Hepa,5,43,1,2,38,4,2,4
2,2025-10-08,P1,5,Côtés,Spécial,Quentin,127,63,0,,-64,1,2,1
2,2025-10-08,P1,5,Côtés,Spécial,Remi,2,1,0,,-1,2,2,2
2,2025-10-08,P1,5,Côtés,Spécial,Béné,29,14,0,,-15,3,2,3
2,2025-10-08,P1,5,Côtés,Spécial,Hepa,43,21,0,,-22,4,2,4
2,2025-10-08,P1,6,18,Nombre,Quentin,63,31,0,"-1,777777778",-32,1,2,1
2,2025-10-08,P1,6,18,Nombre,Remi,1,0,0,"-0,05555555556",-1,2,2,2
2,2025-10-08,P1,6,18,Nombre,Béné,14,32,1,1,18,3,2,3
2,2025-10-08,P1,6,18,Nombre,Hepa,21,10,0,"-0,6111111111",-11,4,2,4
2,2025-10-08,P1,7,Couleurs,Spécial,Quentin,31,15,0,,-16,1,2,1
2,2025-10-08,P1,7,Couleurs,Spécial,Remi,0,0,0,,0,2,2,2
2,2025-10-08,P1,7,Couleurs,Spécial,Béné,32,16,0,,-16,3,2,3
2,2025-10-08,P1,7,Couleurs,Spécial,Hepa,10,5,0,,-5,4,2,4
2,2025-10-08,P1,8,17,Nombre,Quentin,15,66,1,3,51,1,2,1
2,2025-10-08,P1,8,17,Nombre,Remi,0,0,0,0,0,2,2,2
2,2025-10-08,P1,8,17,Nombre,Béné,16,33,1,1,17,3,2,3
2,2025-10-08,P1,8,17,Nombre,Hepa,5,22,1,1,17,4,2,4
2,2025-10-08,P1,9,57 pts,Spécial,Quentin,66,33,0,,-33,1,2,1
2,2025-10-08,P1,9,57 pts,Spécial,Remi,0,0,0,,0,2,2,2
2,2025-10-08,P1,9,57 pts,Spécial,Béné,33,16,0,,-17,3,2,3
2,2025-10-08,P1,9,57 pts,Spécial,Hepa,22,11,0,,-11,4,2,4
2,2025-10-08,P1,10,16,Nombre,Quentin,33,65,1,2,32,1,2,1
2,2025-10-08,P1,10,16,Nombre,Remi,0,0,0,0,0,2,2,2
2,2025-10-08,P1,10,16,Nombre,Béné,16,8,0,"-0,5",-8,3,2,3
2,2025-10-08,P1,10,16,Nombre,Hepa,11,27,1,1,16,4,2,4
2,2025-10-08,P1,11,Peluche,Spécial,Quentin,65,32,0,,-33,1,2,1
2,2025-10-08,P1,11,Peluche,Spécial,Remi,0,0,0,,0,2,2,2
2,2025-10-08,P1,11,Peluche,Spécial,Béné,8,4,0,,-4,3,2,3
2,2025-10-08,P1,11,Peluche,Spécial,Hepa,27,13,0,,-14,4,2,4
2,2025-10-08,P1,12,15,Nombre,Quentin,32,77,1,3,45,1,2,1
2,2025-10-08,P1,12,15,Nombre,Remi,0,0,0,0,0,2,2,2
2,2025-10-08,P1,12,15,Nombre,Béné,4,19,1,1,15,3,2,3
2,2025-10-08,P1,12,15,Nombre,Hepa,13,58,1,3,45,4,2,4
2,2025-10-08,P1,13,Triple,Spécial,Quentin,77,185,1,,108,1,2,1
2,2025-10-08,P1,13,Triple,Spécial,Remi,0,0,0,,0,2,2,2
2,2025-10-08,P1,13,Triple,Spécial,Béné,19,9,0,,-10,3,2,3
2,2025-10-08,P1,13,Triple,Spécial,Hepa,58,73,1,,15,4,2,4
2,2025-10-08,P1,14,14,Nombre,Quentin,185,213,1,2,28,1,2,1
2,2025-10-08,P1,14,14,Nombre,Remi,0,42,1,3,42,2,2,2
2,2025-10-08,P1,14,14,Nombre,Béné,9,23,1,1,14,3,2,3
2,2025-10-08,P1,14,14,Nombre,Hepa,73,87,1,1,14,4,2,4
2,2025-10-08,P1,15,Double,Spécial,Quentin,213,106,0,,-107,1,2,1
2,2025-10-08,P1,15,Double,Spécial,Remi,42,21,0,,-21,2,2,2
2,2025-10-08,P1,15,Double,Spécial,Béné,23,11,0,,-12,3,2,3
2,2025-10-08,P1,15,Double,Spécial,Hepa,87,43,0,,-44,4,2,4
2,2025-10-08,P1,16,13,Nombre,Quentin,106,53,0,"-4,076923077",-53,1,2,1
2,2025-10-08,P1,16,13,Nombre,Remi,21,10,0,"-0,8461538462",-11,2,2,2
2,2025-10-08,P1,16,13,Nombre,Béné,11,24,1,1,13,3,2,3
2,2025-10-08,P1,16,13,Nombre,Hepa,43,21,0,"-1,692307692",-22,4,2,4
2,2025-10-08,P1,17,25,Spécial,Quentin,53,78,1,1,25,1,2,1
2,2025-10-08,P1,17,25,Spécial,Remi,10,60,1,2,50,2,2,2
2,2025-10-08,P1,17,25,Spécial,Béné,24,12,0,"-0,48",-12,3,2,3
2,2025-10-08,P1,17,25,Spécial,Hepa,21,10,0,"-0,44",-11,4,2,4
3,2025-10-08,P1,1,Capital,Points,Stef,0,38,1,,38,3,3,1
3,2025-10-08,P1,1,Capital,Points,Albert,0,41,1,,41,1,3,2
3,2025-10-08,P1,1,Capital,Points,Matthieu,0,9,1,,9,4,3,3
3,2025-10-08,P1,1,Capital,Points,Lolo,0,41,1,,41,2,3,4
3,2025-10-08,P1,2,20,Nombre,Stef,38,78,1,2,40,3,3,1
3,2025-10-08,P1,2,20,Nombre,Albert,41,81,1,2,40,1,3,2
3,2025-10-08,P1,2,20,Nombre,Matthieu,9,109,1,5,100,4,3,3
3,2025-10-08,P1,2,20,Nombre,Lolo,41,141,1,5,100,2,3,4
3,2025-10-08,P1,3,Suite,Spécial,Stef,78,135,1,,57,3,3,1
3,2025-10-08,P1,3,Suite,Spécial,Albert,81,40,0,,-41,1,3,2
3,2025-10-08,P1,3,Suite,Spécial,Matthieu,109,54,0,,-55,4,3,3
3,2025-10-08,P1,3,Suite,Spécial,Lolo,141,70,0,,-71,2,3,4
3,2025-10-08,P1,4,19,Nombre,Stef,135,173,1,2,38,3,3,1
3,2025-10-08,P1,4,19,Nombre,Albert,40,154,1,6,114,1,3,2
3,2025-10-08,P1,4,19,Nombre,Matthieu,54,92,1,2,38,4,3,3
3,2025-10-08,P1,4,19,Nombre,Lolo,70,165,1,5,95,2,3,4
3,2025-10-08,P1,5,Côtés,Spécial,Stef,173,215,1,,42,3,3,1
3,2025-10-08,P1,5,Côtés,Spécial,Albert,154,77,0,,-77,1,3,2
3,2025-10-08,P1,5,Côtés,Spécial,Matthieu,92,46,0,,-46,4,3,3
3,2025-10-08,P1,5,Côtés,Spécial,Lolo,165,82,0,,-83,2,3,4
3,2025-10-08,P1,6,18,Nombre,Stef,215,269,1,3,54,3,3,1
3,2025-10-08,P1,6,18,Nombre,Albert,77,113,1,2,36,1,3,2
3,2025-10-08,P1,6,18,Nombre,Matthieu,46,82,1,2,36,4,3,3
3,2025-10-08,P1,6,18,Nombre,Lolo,82,154,1,4,72,2,3,4
3,2025-10-08,P1,7,Couleurs,Spécial,Stef,269,134,0,,-135,3,3,1
3,2025-10-08,P1,7,Couleurs,Spécial,Albert,113,162,1,,49,1,3,2
3,2025-10-08,P1,7,Couleurs,Spécial,Matthieu,82,41,0,,-41,4,3,3
3,2025-10-08,P1,7,Couleurs,Spécial,Lolo,154,77,0,,-77,2,3,4
3,2025-10-08,P1,8,17,Nombre,Stef,134,168,1,2,34,3,3,1
3,2025-10-08,P1,8,17,Nombre,Albert,162,213,1,3,51,1,3,2
3,2025-10-08,P1,8,17,Nombre,Matthieu,41,20,0,"-1,235294118",-21,4,3,3
3,2025-10-08,P1,8,17,Nombre,Lolo,77,111,1,2,34,2,3,4
3,2025-10-08,P1,9,57 pts,Spécial,Stef,168,84,0,,-84,3,3,1
3,2025-10-08,P1,9,57 pts,Spécial,Albert,213,270,1,,57,1,3,2
3,2025-10-08,P1,9,57 pts,Spécial,Matthieu,20,10,0,,-10,4,3,3
3,2025-10-08,P1,9,57 pts,Spécial,Lolo,111,55,0,,-56,2,3,4
3,2025-10-08,P1,10,16,Nombre,Stef,84,100,1,1,16,3,3,1
3,2025-10-08,P1,10,16,Nombre,Albert,270,302,1,2,32,1,3,2
3,2025-10-08,P1,10,16,Nombre,Matthieu,10,26,1,1,16,4,3,3
3,2025-10-08,P1,10,16,Nombre,Lolo,55,103,1,3,48,2,3,4
3,2025-10-08,P1,11,Peluche,Spécial,Stef,100,50,0,,-50,3,3,1
3,2025-10-08,P1,11,Peluche,Spécial,Albert,302,314,1,,12,1,3,2
3,2025-10-08,P1,11,Peluche,Spécial,Matthieu,26,46,1,,20,4,3,3
3,2025-10-08,P1,11,Peluche,Spécial,Lolo,103,115,1,,12,2,3,4
3,2025-10-08,P1,12,15,Nombre,Stef,50,80,1,2,30,3,3,1
3,2025-10-08,P1,12,15,Nombre,Albert,314,389,1,5,75,1,3,2
3,2025-10-08,P1,12,15,Nombre,Matthieu,46,23,0,"-1,533333333",-23,4,3,3
3,2025-10-08,P1,12,15,Nombre,Lolo,115,145,1,2,30,2,3,4
3,2025-10-08,P1,13,Triple,Spécial,Stef,80,101,1,,21,3,3,1
3,2025-10-08,P1,13,Triple,Spécial,Albert,389,194,0,,-195,1,3,2
3,2025-10-08,P1,13,Triple,Spécial,Matthieu,23,11,0,,-12,4,3,3
3,2025-10-08,P1,13,Triple,Spécial,Lolo,145,190,1,,45,2,3,4
3,2025-10-08,P1,14,14,Nombre,Stef,101,143,1,3,42,3,3,1
3,2025-10-08,P1,14,14,Nombre,Albert,194,236,1,3,42,1,3,2
3,2025-10-08,P1,14,14,Nombre,Matthieu,11,39,1,2,28,4,3,3
3,2025-10-08,P1,14,14,Nombre,Lolo,190,218,1,2,28,2,3,4
3,2025-10-08,P1,15,Double,Spécial,Stef,143,157,1,,14,3,3,1
3,2025-10-08,P1,15,Double,Spécial,Albert,236,118,0,,-118,1,3,2
3,2025-10-08,P1,15,Double,Spécial,Matthieu,39,19,0,,-20,4,3,3
3,2025-10-08,P1,15,Double,Spécial,Lolo,218,234,1,,16,2,3,4
3,2025-10-08,P1,16,13,Nombre,Stef,157,209,1,4,52,3,3,1
3,2025-10-08,P1,16,13,Nombre,Albert,118,144,1,2,26,1,3,2
3,2025-10-08,P1,16,13,Nombre,Matthieu,19,9,0,"-0,7692307692",-10,4,3,3
3,2025-10-08,P1,16,13,Nombre,Lolo,234,117,0,-9,-117,2,3,4
3,2025-10-08,P1,17,25,Spécial,Stef,209,104,0,"-4,2",-105,3,3,1
3,2025-10-08,P1,17,25,Spécial,Albert,144,194,1,2,50,1,3,2
3,2025-10-08,P1,17,25,Spécial,Matthieu,9,4,0,"-0,2",-5,4,3,3
3,2025-10-08,P1,17,25,Spécial,Lolo,117,142,1,1,25,2,3,4
4,2025-10-08,P1,1,Capital,Points,Thib,0,19,1,,19,1,4,1
4,2025-10-08,P1,1,Capital,Points,Touss,0,31,1,,31,3,4,2
4,2025-10-08,P1,1,Capital,Points,Evan,0,11,1,,11,4,4,3
4,2025-10-08,P1,1,Capital,Points,Q,0,71,1,,71,2,4,4
4,2025-10-08,P1,2,20,Nombre,Thib,19,9,0,"-0,5",-10,1,4,1
4,2025-10-08,P1,2,20,Nombre,Touss,31,51,1,1,20,3,4,2
4,2025-10-08,P1,2,20,Nombre,Evan,11,31,1,1,20,4,4,3
4,2025-10-08,P1,2,20,Nombre,Q,71,35,0,"-1,8",-36,2,4,4
4,2025-10-08,P1,3,Suite,Spécial,Thib,9,4,0,,-5,1,4,1
4,2025-10-08,P1,3,Suite,Spécial,Touss,51,25,0,,-26,3,4,2
4,2025-10-08,P1,3,Suite,Spécial,Evan,31,15,0,,-16,4,4,3
4,2025-10-08,P1,3,Suite,Spécial,Q,35,17,0,,-18,2,4,4
4,2025-10-08,P1,4,19,Nombre,Thib,4,2,0,"-0,1052631579",-2,1,4,1
4,2025-10-08,P1,4,19,Nombre,Touss,25,12,0,"-0,6842105263",-13,3,4,2
4,2025-10-08,P1,4,19,Nombre,Evan,15,7,0,"-0,4210526316",-8,4,4,3
4,2025-10-08,P1,4,19,Nombre,Q,17,36,1,1,19,2,4,4
4,2025-10-08,P1,5,Côtés,Spécial,Thib,2,1,0,,-1,1,4,1
4,2025-10-08,P1,5,Côtés,Spécial,Touss,12,6,0,,-6,3,4,2
4,2025-10-08,P1,5,Côtés,Spécial,Evan,7,49,1,,42,4,4,3
4,2025-10-08,P1,5,Côtés,Spécial,Q,36,95,1,,59,2,4,4
4,2025-10-08,P1,6,18,Nombre,Thib,1,73,1,4,72,1,4,1
4,2025-10-08,P1,6,18,Nombre,Touss,6,3,0,"-0,1666666667",-3,3,4,2
4,2025-10-08,P1,6,18,Nombre,Evan,49,85,1,2,36,4,4,3
4,2025-10-08,P1,6,18,Nombre,Q,95,47,0,"-2,666666667",-48,2,4,4
4,2025-10-08,P1,7,Couleurs,Spécial,Thib,73,36,0,,-37,1,4,1
4,2025-10-08,P1,7,Couleurs,Spécial,Touss,3,99,1,,96,3,4,2
4,2025-10-08,P1,7,Couleurs,Spécial,Evan,85,42,0,,-43,4,4,3
4,2025-10-08,P1,7,Couleurs,Spécial,Q,47,23,0,,-24,2,4,4
4,2025-10-08,P1,8,17,Nombre,Thib,36,70,1,2,34,1,4,1
4,2025-10-08,P1,8,17,Nombre,Touss,99,133,1,2,34,3,4,2
4,2025-10-08,P1,8,17,Nombre,Evan,42,127,1,5,85,4,4,3
4,2025-10-08,P1,8,17,Nombre,Q,23,11,0,"-0,7058823529",-12,2,4,4
4,2025-10-08,P1,9,57 pts,Spécial,Thib,70,35,0,,-35,1,4,1
4,2025-10-08,P1,9,57 pts,Spécial,Touss,133,190,1,,57,3,4,2
4,2025-10-08,P1,9,57 pts,Spécial,Evan,127,63,0,,-64,4,4,3
4,2025-10-08,P1,9,57 pts,Spécial,Q,11,68,1,,57,2,4,4
4,2025-10-08,P1,10,16,Nombre,Thib,35,51,1,1,16,1,4,1
4,2025-10-08,P1,10,16,Nombre,Touss,190,222,1,2,32,3,4,2
4,2025-10-08,P1,10,16,Nombre,Evan,63,95,1,2,32,4,4,3
4,2025-10-08,P1,10,16,Nombre,Q,68,100,1,2,32,2,4,4
4,2025-10-08,P1,11,Peluche,Spécial,Thib,51,71,1,,20,1,4,1
4,2025-10-08,P1,11,Peluche,Spécial,Touss,222,111,0,,-111,3,4,2
4,2025-10-08,P1,11,Peluche,Spécial,Evan,95,115,1,,20,4,4,3
4,2025-10-08,P1,11,Peluche,Spécial,Q,100,118,1,,18,2,4,4
4,2025-10-08,P1,12,15,Nombre,Thib,71,131,1,4,60,1,4,1
4,2025-10-08,P1,12,15,Nombre,Touss,111,126,1,1,15,3,4,2
4,2025-10-08,P1,12,15,Nombre,Evan,115,160,1,3,45,4,4,3
4,2025-10-08,P1,12,15,Nombre,Q,118,133,1,1,15,2,4,4
4,2025-10-08,P1,13,Triple,Spécial,Thib,131,65,0,,-66,1,4,1
4,2025-10-08,P1,13,Triple,Spécial,Touss,126,165,1,,39,3,4,2
4,2025-10-08,P1,13,Triple,Spécial,Evan,160,80,0,,-80,4,4,3
4,2025-10-08,P1,13,Triple,Spécial,Q,133,66,0,,-67,2,4,4
4,2025-10-08,P1,14,14,Nombre,Thib,65,79,1,1,14,1,4,1
4,2025-10-08,P1,14,14,Nombre,Touss,165,179,1,1,14,3,4,2
4,2025-10-08,P1,14,14,Nombre,Evan,80,94,1,1,14,4,4,3
4,2025-10-08,P1,14,14,Nombre,Q,66,94,1,2,28,2,4,4
4,2025-10-08,P1,15,Double,Spécial,Thib,79,39,0,,-40,1,4,1
4,2025-10-08,P1,15,Double,Spécial,Touss,179,89,0,,-90,3,4,2
4,2025-10-08,P1,15,Double,Spécial,Evan,94,47,0,,-47,4,4,3
4,2025-10-08,P1,15,Double,Spécial,Q,94,47,0,,-47,2,4,4
4,2025-10-08,P1,16,13,Nombre,Thib,39,78,1,3,39,1,4,1
4,2025-10-08,P1,16,13,Nombre,Touss,89,128,1,3,39,3,4,2
4,2025-10-08,P1,16,13,Nombre,Evan,47,23,0,"-1,846153846",-24,4,4,3
4,2025-10-08,P1,16,13,Nombre,Q,47,60,1,1,13,2,4,4
4,2025-10-08,P1,17,25,Spécial,Thib,78,128,1,2,50,1,4,1
4,2025-10-08,P1,17,25,Spécial,Touss,128,64,0,"-2,56",-64,3,4,2
4,2025-10-08,P1,17,25,Spécial,Evan,23,11,0,"-0,48",-12,4,4,3
4,2025-10-08,P1,17,25,Spécial,Q,60,85,1,1,25,2,4,4
5,2025-10-08,P1,1,Capital,Points,Carré,0,75,1,,75,2,5,1
5,2025-10-08,P1,1,Capital,Points,Lucas,0,18,1,,18,3,5,2
5,2025-10-08,P1,1,Capital,Points,Ethos,0,33,1,,33,4,5,3
5,2025-10-08,P1,1,Capital,Points,Jeremy,0,22,1,,22,1,5,4
5,2025-10-08,P1,2,20,Nombre,Carré,75,135,1,3,60,2,5,1
5,2025-10-08,P1,2,20,Nombre,Lucas,18,58,1,2,40,3,5,2
5,2025-10-08,P1,2,20,Nombre,Ethos,33,53,1,1,20,4,5,3
5,2025-10-08,P1,2,20,Nombre,Jeremy,22,11,0,"-0,55",-11,1,5,4
5,2025-10-08,P1,3,Suite,Spécial,Carré,135,150,1,,15,2,5,1
5,2025-10-08,P1,3,Suite,Spécial,Lucas,58,29,0,,-29,3,5,2
5,2025-10-08,P1,3,Suite,Spécial,Ethos,53,26,0,,-27,4,5,3
5,2025-10-08,P1,3,Suite,Spécial,Jeremy,11,5,0,,-6,1,5,4
5,2025-10-08,P1,4,19,Nombre,Carré,150,169,1,1,19,2,5,1
5,2025-10-08,P1,4,19,Nombre,Lucas,29,67,1,2,38,3,5,2
5,2025-10-08,P1,4,19,Nombre,Ethos,26,13,0,"-0,6842105263",-13,4,5,3
5,2025-10-08,P1,4,19,Nombre,Jeremy,5,100,1,5,95,1,5,4
5,2025-10-08,P1,5,Côtés,Spécial,Carré,169,200,1,,31,2,5,1
5,2025-10-08,P1,5,Côtés,Spécial,Lucas,67,33,0,,-34,3,5,2
5,2025-10-08,P1,5,Côtés,Spécial,Ethos,13,6,0,,-7,4,5,3
5,2025-10-08,P1,5,Côtés,Spécial,Jeremy,100,129,1,,29,1,5,4
5,2025-10-08,P1,6,18,Nombre,Carré,200,236,1,2,36,2,5,1
5,2025-10-08,P1,6,18,Nombre,Lucas,33,69,1,2,36,3,5,2
5,2025-10-08,P1,6,18,Nombre,Ethos,6,24,1,1,18,4,5,3
5,2025-10-08,P1,6,18,Nombre,Jeremy,129,201,1,4,72,1,5,4
5,2025-10-08,P1,7,Couleurs,Spécial,Carré,236,118,0,,-118,2,5,1
5,2025-10-08,P1,7,Couleurs,Spécial,Lucas,69,34,0,,-35,3,5,2
5,2025-10-08,P1,7,Couleurs,Spécial,Ethos,24,12,0,,-12,4,5,3
5,2025-10-08,P1,7,Couleurs,Spécial,Jeremy,201,225,1,,24,1,5,4
5,2025-10-08,P1,8,17,Nombre,Carré,118,135,1,1,17,2,5,1
5,2025-10-08,P1,8,17,Nombre,Lucas,34,85,1,3,51,3,5,2
5,2025-10-08,P1,8,17,Nombre,Ethos,12,6,0,"-0,3529411765",-6,4,5,3
5,2025-10-08,P1,8,17,Nombre,Jeremy,225,259,1,2,34,1,5,4
5,2025-10-08,P1,9,57 pts,Spécial,Carré,135,192,1,,57,2,5,1
5,2025-10-08,P1,9,57 pts,Spécial,Lucas,85,42,0,,-43,3,5,2
5,2025-10-08,P1,9,57 pts,Spécial,Ethos,6,3,0,,-3,4,5,3
5,2025-10-08,P1,9,57 pts,Spécial,Jeremy,259,316,1,,57,1,5,4
5,2025-10-08,P1,10,16,Nombre,Carré,192,224,1,2,32,2,5,1
5,2025-10-08,P1,10,16,Nombre,Lucas,42,58,1,1,16,3,5,2
5,2025-10-08,P1,10,16,Nombre,Ethos,3,1,0,"-0,125",-2,4,5,3
5,2025-10-08,P1,10,16,Nombre,Jeremy,316,348,1,2,32,1,5,4
5,2025-10-08,P1,11,Peluche,Spécial,Carré,224,244,1,,20,2,5,1
5,2025-10-08,P1,11,Peluche,Spécial,Lucas,58,29,0,,-29,3,5,2
5,2025-10-08,P1,11,Peluche,Spécial,Ethos,1,0,0,,-1,4,5,3
5,2025-10-08,P1,11,Peluche,Spécial,Jeremy,348,174,0,,-174,1,5,4
5,2025-10-08,P1,12,15,Nombre,Carré,244,122,0,"-8,133333333",-122,2,5,1
5,2025-10-08,P1,12,15,Nombre,Lucas,29,104,1,5,75,3,5,2
5,2025-10-08,P1,12,15,Nombre,Ethos,0,30,1,2,30,4,5,3
5,2025-10-08,P1,12,15,Nombre,Jeremy,174,219,1,3,45,1,5,4
5,2025-10-08,P1,13,Triple,Spécial,Carré,122,179,1,,57,2,5,1
5,2025-10-08,P1,13,Triple,Spécial,Lucas,104,143,1,,39,3,5,2
5,2025-10-08,P1,13,Triple,Spécial,Ethos,30,15,0,,-15,4,5,3
5,2025-10-08,P1,13,Triple,Spécial,Jeremy,219,228,1,,9,1,5,4
5,2025-10-08,P1,14,14,Nombre,Carré,179,207,1,2,28,2,5,1
5,2025-10-08,P1,14,14,Nombre,Lucas,143,171,1,2,28,3,5,2
5,2025-10-08,P1,14,14,Nombre,Ethos,15,7,0,"-0,5714285714",-8,4,5,3
5,2025-10-08,P1,14,14,Nombre,Jeremy,228,270,1,3,42,1,5,4
5,2025-10-08,P1,15,Double,Spécial,Carré,207,103,0,,-104,2,5,1
5,2025-10-08,P1,15,Double,Spécial,Lucas,171,85,0,,-86,3,5,2
5,2025-10-08,P1,15,Double,Spécial,Ethos,7,3,0,,-4,4,5,3
5,2025-10-08,P1,15,Double,Spécial,Jeremy,270,310,1,,40,1,5,4
5,2025-10-08,P1,16,13,Nombre,Carré,103,116,1,1,13,2,5,1
5,2025-10-08,P1,16,13,Nombre,Lucas,85,98,1,1,13,3,5,2
5,2025-10-08,P1,16,13,Nombre,Ethos,3,16,1,1,13,4,5,3
5,2025-10-08,P1,16,13,Nombre,Jeremy,310,375,1,5,65,1,5,4
5,2025-10-08,P1,17,25,Spécial,Carré,116,58,0,"-2,32",-58,2,5,1
5,2025-10-08,P1,17,25,Spécial,Lucas,98,49,0,"-1,96",-49,3,5,2
5,2025-10-08,P1,17,25,Spécial,Ethos,16,41,1,1,25,4,5,3
5,2025-10-08,P1,17,25,Spécial,Jeremy,375,187,0,"-7,52",-188,1,5,4
6,2025-10-08,P2,1,Capital,Points,Thib,0,43,1,,43,4,1,1
6,2025-10-08,P2,1,Capital,Points,Albert,0,33,1,,33,1,1,2
6,2025-10-08,P2,1,Capital,Points,Jeremy,0,34,1,,34,2,1,3
6,2025-10-08,P2,1,Capital,Points,Aurel,0,22,1,,22,3,1,4
6,2025-10-08,P2,2,20,Nombre,Thib,43,83,1,2,40,4,1,1
6,2025-10-08,P2,2,20,Nombre,Albert,33,53,1,1,20,1,1,2
6,2025-10-08,P2,2,20,Nombre,Jeremy,34,94,1,3,60,2,1,3
6,2025-10-08,P2,2,20,Nombre,Aurel,22,82,1,3,60,3,1,4
6,2025-10-08,P2,3,Suite,Spécial,Thib,83,41,0,,-42,4,1,1
6,2025-10-08,P2,3,Suite,Spécial,Albert,53,26,0,,-27,1,1,2
6,2025-10-08,P2,3,Suite,Spécial,Jeremy,94,47,0,,-47,2,1,3
6,2025-10-08,P2,3,Suite,Spécial,Aurel,82,41,0,,-41,3,1,4
6,2025-10-08,P2,4,19,Nombre,Thib,41,60,1,1,19,4,1,1
6,2025-10-08,P2,4,19,Nombre,Albert,26,13,0,"-0,6842105263",-13,1,1,2
6,2025-10-08,P2,4,19,Nombre,Jeremy,47,104,1,3,57,2,1,3
6,2025-10-08,P2,4,19,Nombre,Aurel,41,117,1,4,76,3,1,4
6,2025-10-08,P2,5,Côtés,Spécial,Thib,60,30,0,,-30,4,1,1
6,2025-10-08,P2,5,Côtés,Spécial,Albert,13,52,1,,39,1,1,2
6,2025-10-08,P2,5,Côtés,Spécial,Jeremy,104,146,1,,42,2,1,3
6,2025-10-08,P2,5,Côtés,Spécial,Aurel,117,161,1,,44,3,1,4
6,2025-10-08,P2,6,18,Nombre,Thib,30,66,1,2,36,4,1,1
6,2025-10-08,P2,6,18,Nombre,Albert,52,88,1,2,36,1,1,2
6,2025-10-08,P2,6,18,Nombre,Jeremy,146,182,1,2,36,2,1,3
6,2025-10-08,P2,6,18,Nombre,Aurel,161,197,1,2,36,3,1,4
6,2025-10-08,P2,7,Couleurs,Spécial,Thib,66,33,0,,-33,4,1,1
6,2025-10-08,P2,7,Couleurs,Spécial,Albert,88,44,0,,-44,1,1,2
6,2025-10-08,P2,7,Couleurs,Spécial,Jeremy,182,91,0,,-91,2,1,3
6,2025-10-08,P2,7,Couleurs,Spécial,Aurel,197,98,0,,-99,3,1,4
6,2025-10-08,P2,8,17,Nombre,Thib,33,50,1,1,17,4,1,1
6,2025-10-08,P2,8,17,Nombre,Albert,44,129,1,5,85,1,1,2
6,2025-10-08,P2,8,17,Nombre,Jeremy,91,108,1,1,17,2,1,3
6,2025-10-08,P2,8,17,Nombre,Aurel,98,132,1,2,34,3,1,4
6,2025-10-08,P2,9,57 pts,Spécial,Thib,50,25,0,,-25,4,1,1
6,2025-10-08,P2,9,57 pts,Spécial,Albert,129,64,0,,-65,1,1,2
6,2025-10-08,P2,9,57 pts,Spécial,Jeremy,108,165,1,,57,2,1,3
6,2025-10-08,P2,9,57 pts,Spécial,Aurel,132,66,0,,-66,3,1,4
6,2025-10-08,P2,10,16,Nombre,Thib,25,57,1,2,32,4,1,1
6,2025-10-08,P2,10,16,Nombre,Albert,64,112,1,3,48,1,1,2
6,2025-10-08,P2,10,16,Nombre,Jeremy,165,197,1,2,32,2,1,3
6,2025-10-08,P2,10,16,Nombre,Aurel,66,146,1,5,80,3,1,4
6,2025-10-08,P2,11,Peluche,Spécial,Thib,57,28,0,,-29,4,1,1
6,2025-10-08,P2,11,Peluche,Spécial,Albert,112,132,1,,20,1,1,2
6,2025-10-08,P2,11,Peluche,Spécial,Jeremy,197,98,0,,-99,2,1,3
6,2025-10-08,P2,11,Peluche,Spécial,Aurel,146,166,1,,20,3,1,4
6,2025-10-08,P2,12,15,Nombre,Thib,28,14,0,"-0,9333333333",-14,4,1,1
6,2025-10-08,P2,12,15,Nombre,Albert,132,162,1,2,30,1,1,2
6,2025-10-08,P2,12,15,Nombre,Jeremy,98,128,1,2,30,2,1,3
6,2025-10-08,P2,12,15,Nombre,Aurel,166,196,1,2,30,3,1,4
6,2025-10-08,P2,13,Triple,Spécial,Thib,14,7,0,,-7,4,1,1
6,2025-10-08,P2,13,Triple,Spécial,Albert,162,81,0,,-81,1,1,2
6,2025-10-08,P2,13,Triple,Spécial,Jeremy,128,64,0,,-64,2,1,3
6,2025-10-08,P2,13,Triple,Spécial,Aurel,196,241,1,,45,3,1,4
6,2025-10-08,P2,14,14,Nombre,Thib,7,3,0,"-0,2857142857",-4,4,1,1
6,2025-10-08,P2,14,14,Nombre,Albert,81,109,1,2,28,1,1,2
6,2025-10-08,P2,14,14,Nombre,Jeremy,64,106,1,3,42,2,1,3
6,2025-10-08,P2,14,14,Nombre,Aurel,241,255,1,1,14,3,1,4
6,2025-10-08,P2,15,Double,Spécial,Thib,3,1,0,,-2,4,1,1
6,2025-10-08,P2,15,Double,Spécial,Albert,109,135,1,,26,1,1,2
6,2025-10-08,P2,15,Double,Spécial,Jeremy,106,53,0,,-53,2,1,3
6,2025-10-08,P2,15,Double,Spécial,Aurel,255,127,0,,-128,3,1,4
6,2025-10-08,P2,16,13,Nombre,Thib,1,14,1,1,13,4,1,1
6,2025-10-08,P2,16,13,Nombre,Albert,135,161,1,2,26,1,1,2
6,2025-10-08,P2,16,13,Nombre,Jeremy,53,66,1,1,13,2,1,3
6,2025-10-08,P2,16,13,Nombre,Aurel,127,140,1,1,13,3,1,4
6,2025-10-08,P2,17,25,Spécial,Thib,14,39,1,1,25,4,1,1
6,2025-10-08,P2,17,25,Spécial,Albert,161,236,1,3,75,1,1,2
6,2025-10-08,P2,17,25,Spécial,Jeremy,66,116,1,2,50,2,1,3
6,2025-10-08,P2,17,25,Spécial,Aurel,140,70,0,"-2,8",-70,3,1,4
7,2025-10-08,P2,1,Capital,Points,Lolo,0,45,1,,45,4,2,1
7,2025-10-08,P2,1,Capital,Points,Quentin,0,22,1,,22,1,2,2
7,2025-10-08,P2,1,Capital,Points,Carré,0,36,1,,36,2,2,3
7,2025-10-08,P2,1,Capital,Points,Q,0,52,1,,52,3,2,4
7,2025-10-08,P2,2,20,Nombre,Lolo,45,85,1,2,40,4,2,1
7,2025-10-08,P2,2,20,Nombre,Quentin,22,42,1,1,20,1,2,2
7,2025-10-08,P2,2,20,Nombre,Carré,36,56,1,1,20,2,2,3
7,2025-10-08,P2,2,20,Nombre,Q,52,72,1,1,20,3,2,4
7,2025-10-08,P2,3,Suite,Spécial,Lolo,85,160,1,,75,4,2,1
7,2025-10-08,P2,3,Suite,Spécial,Quentin,42,21,0,,-21,1,2,2
7,2025-10-08,P2,3,Suite,Spécial,Carré,56,28,0,,-28,2,2,3
7,2025-10-08,P2,3,Suite,Spécial,Q,72,36,0,,-36,3,2,4
7,2025-10-08,P2,4,19,Nombre,Lolo,160,198,1,2,38,4,2,1
7,2025-10-08,P2,4,19,Nombre,Quentin,21,59,1,2,38,1,2,2
7,2025-10-08,P2,4,19,Nombre,Carré,28,14,0,"-0,7368421053",-14,2,2,3
7,2025-10-08,P2,4,19,Nombre,Q,36,55,1,1,19,3,2,4
7,2025-10-08,P2,5,Côtés,Spécial,Lolo,198,235,1,,37,4,2,1
7,2025-10-08,P2,5,Côtés,Spécial,Quentin,59,29,0,,-30,1,2,2
7,2025-10-08,P2,5,Côtés,Spécial,Carré,14,56,1,,42,2,2,3
7,2025-10-08,P2,5,Côtés,Spécial,Q,55,27,0,,-28,3,2,4
7,2025-10-08,P2,6,18,Nombre,Lolo,235,307,1,4,72,4,2,1
7,2025-10-08,P2,6,18,Nombre,Quentin,29,101,1,4,72,1,2,2
7,2025-10-08,P2,6,18,Nombre,Carré,56,74,1,1,18,2,2,3
7,2025-10-08,P2,6,18,Nombre,Q,27,63,1,2,36,3,2,4
7,2025-10-08,P2,7,Couleurs,Spécial,Lolo,307,398,1,,91,4,2,1
7,2025-10-08,P2,7,Couleurs,Spécial,Quentin,101,50,0,,-51,1,2,2
7,2025-10-08,P2,7,Couleurs,Spécial,Carré,74,37,0,,-37,2,2,3
7,2025-10-08,P2,7,Couleurs,Spécial,Q,63,31,0,,-32,3,2,4
7,2025-10-08,P2,8,17,Nombre,Lolo,398,432,1,2,34,4,2,1
7,2025-10-08,P2,8,17,Nombre,Quentin,50,84,1,2,34,1,2,2
7,2025-10-08,P2,8,17,Nombre,Carré,37,18,0,"-1,117647059",-19,2,2,3
7,2025-10-08,P2,8,17,Nombre,Q,31,48,1,1,17,3,2,4
7,2025-10-08,P2,9,57 pts,Spécial,Lolo,432,216,0,,-216,4,2,1
7,2025-10-08,P2,9,57 pts,Spécial,Quentin,84,42,0,,-42,1,2,2
7,2025-10-08,P2,9,57 pts,Spécial,Carré,18,9,0,,-9,2,2,3
7,2025-10-08,P2,9,57 pts,Spécial,Q,48,24,0,,-24,3,2,4
7,2025-10-08,P2,10,16,Nombre,Lolo,216,248,1,2,32,4,2,1
7,2025-10-08,P2,10,16,Nombre,Quentin,42,74,1,2,32,1,2,2
7,2025-10-08,P2,10,16,Nombre,Carré,9,25,1,1,16,2,2,3
7,2025-10-08,P2,10,16,Nombre,Q,24,12,0,"-0,75",-12,3,2,4
7,2025-10-08,P2,11,Peluche,Spécial,Lolo,248,124,0,,-124,4,2,1
7,2025-10-08,P2,11,Peluche,Spécial,Quentin,74,37,0,,-37,1,2,2
7,2025-10-08,P2,11,Peluche,Spécial,Carré,25,45,1,,20,2,2,3
7,2025-10-08,P2,11,Peluche,Spécial,Q,12,6,0,,-6,3,2,4
7,2025-10-08,P2,12,15,Nombre,Lolo,124,184,1,4,60,4,2,1
7,2025-10-08,P2,12,15,Nombre,Quentin,37,52,1,1,15,1,2,2
7,2025-10-08,P2,12,15,Nombre,Carré,45,90,1,3,45,2,2,3
7,2025-10-08,P2,12,15,Nombre,Q,6,21,1,1,15,3,2,4
7,2025-10-08,P2,13,Triple,Spécial,Lolo,184,92,0,,-92,4,2,1
7,2025-10-08,P2,13,Triple,Spécial,Quentin,52,94,1,,42,1,2,2
7,2025-10-08,P2,13,Triple,Spécial,Carré,90,45,0,,-45,2,2,3
7,2025-10-08,P2,13,Triple,Spécial,Q,21,10,0,,-11,3,2,4
7,2025-10-08,P2,14,14,Nombre,Lolo,92,106,1,1,14,4,2,1
7,2025-10-08,P2,14,14,Nombre,Quentin,94,108,1,1,14,1,2,2
7,2025-10-08,P2,14,14,Nombre,Carré,45,59,1,1,14,2,2,3
7,2025-10-08,P2,14,14,Nombre,Q,10,24,1,1,14,3,2,4
7,2025-10-08,P2,15,Double,Spécial,Lolo,106,53,0,,-53,4,2,1
7,2025-10-08,P2,15,Double,Spécial,Quentin,108,130,1,,22,1,2,2
7,2025-10-08,P2,15,Double,Spécial,Carré,59,29,0,,-30,2,2,3
7,2025-10-08,P2,15,Double,Spécial,Q,24,64,1,,40,3,2,4
7,2025-10-08,P2,16,13,Nombre,Lolo,53,79,1,2,26,4,2,1
7,2025-10-08,P2,16,13,Nombre,Quentin,130,143,1,1,13,1,2,2
7,2025-10-08,P2,16,13,Nombre,Carré,29,68,1,3,39,2,2,3
7,2025-10-08,P2,16,13,Nombre,Q,64,90,1,2,26,3,2,4
7,2025-10-08,P2,17,25,Spécial,Lolo,79,39,0,"-1,6",-40,4,2,1
7,2025-10-08,P2,17,25,Spécial,Quentin,143,218,1,3,75,1,2,2
7,2025-10-08,P2,17,25,Spécial,Carré,68,93,1,1,25,2,2,3
7,2025-10-08,P2,17,25,Spécial,Q,90,45,0,"-1,8",-45,3,2,4
8,2025-10-08,P2,1,Capital,Points,Stef,0,52,1,,52,1,3,1
8,2025-10-08,P2,1,Capital,Points,Ely,0,72,1,,72,4,3,2
8,2025-10-08,P2,1,Capital,Points,Touss,0,95,1,,95,2,3,3
8,2025-10-08,P2,1,Capital,Points,Remi,0,74,1,,74,3,3,4
8,2025-10-08,P2,2,20,Nombre,Stef,52,26,0,"-1,3",-26,1,3,1
8,2025-10-08,P2,2,20,Nombre,Ely,72,36,0,"-1,8",-36,4,3,2
8,2025-10-08,P2,2,20,Nombre,Touss,95,135,1,2,40,2,3,3
8,2025-10-08,P2,2,20,Nombre,Remi,74,37,0,"-1,85",-37,3,3,4
8,2025-10-08,P2,3,Suite,Spécial,Stef,26,59,1,,33,1,3,1
8,2025-10-08,P2,3,Suite,Spécial,Ely,36,89,1,,53,4,3,2
8,2025-10-08,P2,3,Suite,Spécial,Touss,135,67,0,,-68,2,3,3
8,2025-10-08,P2,3,Suite,Spécial,Remi,37,18,0,,-19,3,3,4
8,2025-10-08,P2,4,19,Nombre,Stef,59,135,1,4,76,1,3,1
8,2025-10-08,P2,4,19,Nombre,Ely,89,127,1,2,38,4,3,2
8,2025-10-08,P2,4,19,Nombre,Touss,67,105,1,2,38,2,3,3
8,2025-10-08,P2,4,19,Nombre,Remi,18,37,1,1,19,3,3,4
8,2025-10-08,P2,5,Côtés,Spécial,Stef,135,67,0,,-68,1,3,1
8,2025-10-08,P2,5,Côtés,Spécial,Ely,127,63,0,,-64,4,3,2
8,2025-10-08,P2,5,Côtés,Spécial,Touss,105,142,1,,37,2,3,3
8,2025-10-08,P2,5,Côtés,Spécial,Remi,37,18,0,,-19,3,3,4
8,2025-10-08,P2,6,18,Nombre,Stef,67,85,1,1,18,1,3,1
8,2025-10-08,P2,6,18,Nombre,Ely,63,31,0,"-1,777777778",-32,4,3,2
8,2025-10-08,P2,6,18,Nombre,Touss,142,196,1,3,54,2,3,3
8,2025-10-08,P2,6,18,Nombre,Remi,18,9,0,"-0,5",-9,3,3,4
8,2025-10-08,P2,7,Couleurs,Spécial,Stef,85,42,0,,-43,1,3,1
8,2025-10-08,P2,7,Couleurs,Spécial,Ely,31,15,0,,-16,4,3,2
8,2025-10-08,P2,7,Couleurs,Spécial,Touss,196,238,1,,42,2,3,3
8,2025-10-08,P2,7,Couleurs,Spécial,Remi,9,4,0,,-5,3,3,4
8,2025-10-08,P2,8,17,Nombre,Stef,42,127,1,5,85,1,3,1
8,2025-10-08,P2,8,17,Nombre,Ely,15,49,1,2,34,4,3,2
8,2025-10-08,P2,8,17,Nombre,Touss,238,255,1,1,17,2,3,3
8,2025-10-08,P2,8,17,Nombre,Remi,4,2,0,"-0,1176470588",-2,3,3,4
8,2025-10-08,P2,9,57 pts,Spécial,Stef,127,184,1,,57,1,3,1
8,2025-10-08,P2,9,57 pts,Spécial,Ely,49,24,0,,-25,4,3,2
8,2025-10-08,P2,9,57 pts,Spécial,Touss,255,127,0,,-128,2,3,3
8,2025-10-08,P2,9,57 pts,Spécial,Remi,2,1,0,,-1,3,3,4
8,2025-10-08,P2,10,16,Nombre,Stef,184,200,1,1,16,1,3,1
8,2025-10-08,P2,10,16,Nombre,Ely,24,40,1,1,16,4,3,2
8,2025-10-08,P2,10,16,Nombre,Touss,127,143,1,1,16,2,3,3
8,2025-10-08,P2,10,16,Nombre,Remi,1,0,0,"-0,0625",-1,3,3,4
8,2025-10-08,P2,11,Peluche,Spécial,Stef,200,220,1,,20,1,3,1
8,2025-10-08,P2,11,Peluche,Spécial,Ely,40,20,0,,-20,4,3,2
8,2025-10-08,P2,11,Peluche,Spécial,Touss,143,71,0,,-72,2,3,3
8,2025-10-08,P2,11,Peluche,Spécial,Remi,0,0,0,,0,3,3,4
8,2025-10-08,P2,12,15,Nombre,Stef,220,265,1,3,45,1,3,1
8,2025-10-08,P2,12,15,Nombre,Ely,20,10,0,"-0,6666666667",-10,4,3,2
8,2025-10-08,P2,12,15,Nombre,Touss,71,86,1,1,15,2,3,3
8,2025-10-08,P2,12,15,Nombre,Remi,0,30,1,2,30,3,3,4
8,2025-10-08,P2,13,Triple,Spécial,Stef,265,322,1,,57,1,3,1
8,2025-10-08,P2,13,Triple,Spécial,Ely,10,5,0,,-5,4,3,2
8,2025-10-08,P2,13,Triple,Spécial,Touss,86,43,0,,-43,2,3,3
8,2025-10-08,P2,13,Triple,Spécial,Remi,30,48,1,,18,3,3,4
8,2025-10-08,P2,14,14,Nombre,Stef,322,336,1,1,14,1,3,1
8,2025-10-08,P2,14,14,Nombre,Ely,5,2,0,"-0,2142857143",-3,4,3,2
8,2025-10-08,P2,14,14,Nombre,Touss,43,57,1,1,14,2,3,3
8,2025-10-08,P2,14,14,Nombre,Remi,48,24,0,"-1,714285714",-24,3,3,4
8,2025-10-08,P2,15,Double,Spécial,Stef,336,168,0,,-168,1,3,1
8,2025-10-08,P2,15,Double,Spécial,Ely,2,1,0,,-1,4,3,2
8,2025-10-08,P2,15,Double,Spécial,Touss,57,28,0,,-29,2,3,3
8,2025-10-08,P2,15,Double,Spécial,Remi,24,12,0,,-12,3,3,4
8,2025-10-08,P2,16,13,Nombre,Stef,168,181,1,1,13,1,3,1
8,2025-10-08,P2,16,13,Nombre,Ely,1,0,0,"-0,07692307692",-1,4,3,2
8,2025-10-08,P2,16,13,Nombre,Touss,28,54,1,2,26,2,3,3
8,2025-10-08,P2,16,13,Nombre,Remi,12,6,0,"-0,4615384615",-6,3,3,4
8,2025-10-08,P2,17,25,Spécial,Stef,181,206,1,1,25,1,3,1
8,2025-10-08,P2,17,25,Spécial,Ely,0,0,0,0,0,4,3,2
8,2025-10-08,P2,17,25,Spécial,Touss,54,27,0,"-1,08",-27,2,3,3
8,2025-10-08,P2,17,25,Spécial,Remi,6,3,0,"-0,12",-3,3,3,4
9,2025-10-08,P2,1,Capital,Points,Ethos,0,24,1,,24,4,4,1
9,2025-10-08,P2,1,Capital,Points,Lucas,0,35,1,,35,2,4,2
9,2025-10-08,P2,1,Capital,Points,Béné,0,32,1,,32,3,4,3
9,2025-10-08,P2,1,Capital,Points,Antoine,0,60,1,,60,1,4,4
9,2025-10-08,P2,2,20,Nombre,Ethos,24,12,0,"-0,6",-12,4,4,1
9,2025-10-08,P2,2,20,Nombre,Lucas,35,55,1,1,20,2,4,2
9,2025-10-08,P2,2,20,Nombre,Béné,32,52,1,1,20,3,4,3
9,2025-10-08,P2,2,20,Nombre,Antoine,60,100,1,2,40,1,4,4
9,2025-10-08,P2,3,Suite,Spécial,Ethos,12,6,0,,-6,4,4,1
9,2025-10-08,P2,3,Suite,Spécial,Lucas,55,27,0,,-28,2,4,2
9,2025-10-08,P2,3,Suite,Spécial,Béné,52,26,0,,-26,3,4,3
9,2025-10-08,P2,3,Suite,Spécial,Antoine,100,50,0,,-50,1,4,4
9,2025-10-08,P2,4,19,Nombre,Ethos,6,3,0,"-0,1578947368",-3,4,4,1
9,2025-10-08,P2,4,19,Nombre,Lucas,27,65,1,2,38,2,4,2
9,2025-10-08,P2,4,19,Nombre,Béné,26,45,1,1,19,3,4,3
9,2025-10-08,P2,4,19,Nombre,Antoine,50,88,1,2,38,1,4,4
9,2025-10-08,P2,5,Côtés,Spécial,Ethos,3,1,0,,-2,4,4,1
9,2025-10-08,P2,5,Côtés,Spécial,Lucas,65,129,1,,64,2,4,2
9,2025-10-08,P2,5,Côtés,Spécial,Béné,45,22,0,,-23,3,4,3
9,2025-10-08,P2,5,Côtés,Spécial,Antoine,88,114,1,,26,1,4,4
9,2025-10-08,P2,6,18,Nombre,Ethos,1,0,0,"-0,05555555556",-1,4,4,1
9,2025-10-08,P2,6,18,Nombre,Lucas,129,147,1,1,18,2,4,2
9,2025-10-08,P2,6,18,Nombre,Béné,22,94,1,4,72,3,4,3
9,2025-10-08,P2,6,18,Nombre,Antoine,114,132,1,1,18,1,4,4
9,2025-10-08,P2,7,Couleurs,Spécial,Ethos,0,0,0,,0,4,4,1
9,2025-10-08,P2,7,Couleurs,Spécial,Lucas,147,73,0,,-74,2,4,2
9,2025-10-08,P2,7,Couleurs,Spécial,Béné,94,47,0,,-47,3,4,3
9,2025-10-08,P2,7,Couleurs,Spécial,Antoine,132,66,0,,-66,1,4,4
9,2025-10-08,P2,8,17,Nombre,Ethos,0,0,0,0,0,4,4,1
9,2025-10-08,P2,8,17,Nombre,Lucas,73,124,1,3,51,2,4,2
9,2025-10-08,P2,8,17,Nombre,Béné,47,64,1,1,17,3,4,3
9,2025-10-08,P2,8,17,Nombre,Antoine,66,100,1,2,34,1,4,4
9,2025-10-08,P2,9,57 pts,Spécial,Ethos,0,0,0,,0,4,4,1
9,2025-10-08,P2,9,57 pts,Spécial,Lucas,124,181,1,,57,2,4,2
9,2025-10-08,P2,9,57 pts,Spécial,Béné,64,32,0,,-32,3,4,3
9,2025-10-08,P2,9,57 pts,Spécial,Antoine,100,50,0,,-50,1,4,4
9,2025-10-08,P2,10,16,Nombre,Ethos,0,0,0,0,0,4,4,1
9,2025-10-08,P2,10,16,Nombre,Lucas,181,277,1,6,96,2,4,2
9,2025-10-08,P2,10,16,Nombre,Béné,32,80,1,3,48,3,4,3
9,2025-10-08,P2,10,16,Nombre,Antoine,50,66,1,1,16,1,4,4
9,2025-10-08,P2,11,Peluche,Spécial,Ethos,0,0,0,,0,4,4,1
9,2025-10-08,P2,11,Peluche,Spécial,Lucas,277,297,1,,20,2,4,2
9,2025-10-08,P2,11,Peluche,Spécial,Béné,80,40,0,,-40,3,4,3
9,2025-10-08,P2,11,Peluche,Spécial,Antoine,66,82,1,,16,1,4,4
9,2025-10-08,P2,12,15,Nombre,Ethos,0,30,1,2,30,4,4,1
9,2025-10-08,P2,12,15,Nombre,Lucas,297,312,1,1,15,2,4,2
9,2025-10-08,P2,12,15,Nombre,Béné,40,70,1,2,30,3,4,3
9,2025-10-08,P2,12,15,Nombre,Antoine,82,157,1,5,75,1,4,4
9,2025-10-08,P2,13,Triple,Spécial,Ethos,30,15,0,,-15,4,4,1
9,2025-10-08,P2,13,Triple,Spécial,Lucas,312,156,0,,-156,2,4,2
9,2025-10-08,P2,13,Triple,Spécial,Béné,70,35,0,,-35,3,4,3
9,2025-10-08,P2,13,Triple,Spécial,Antoine,157,78,0,,-79,1,4,4
9,2025-10-08,P2,14,14,Nombre,Ethos,15,29,1,1,14,4,4,1
9,2025-10-08,P2,14,14,Nombre,Lucas,156,170,1,1,14,2,4,2
9,2025-10-08,P2,14,14,Nombre,Béné,35,77,1,3,42,3,4,3
9,2025-10-08,P2,14,14,Nombre,Antoine,78,106,1,2,28,1,4,4
9,2025-10-08,P2,15,Double,Spécial,Ethos,29,14,0,,-15,4,4,1
9,2025-10-08,P2,15,Double,Spécial,Lucas,170,85,0,,-85,2,4,2
9,2025-10-08,P2,15,Double,Spécial,Béné,77,38,0,,-39,3,4,3
9,2025-10-08,P2,15,Double,Spécial,Antoine,106,53,0,,-53,1,4,4
9,2025-10-08,P2,16,13,Nombre,Ethos,14,7,0,"-0,5384615385",-7,4,4,1
9,2025-10-08,P2,16,13,Nombre,Lucas,85,124,1,3,39,2,4,2
9,2025-10-08,P2,16,13,Nombre,Béné,38,19,0,"-1,461538462",-19,3,4,3
9,2025-10-08,P2,16,13,Nombre,Antoine,53,79,1,2,26,1,4,4
9,2025-10-08,P2,17,25,Spécial,Ethos,7,32,1,1,25,4,4,1
9,2025-10-08,P2,17,25,Spécial,Lucas,124,62,0,"-2,48",-62,2,4,2
9,2025-10-08,P2,17,25,Spécial,Béné,19,44,1,1,25,3,4,3
9,2025-10-08,P2,17,25,Spécial,Antoine,79,104,1,1,25,1,4,4
10,2025-10-08,P2,1,Capital,Points,Matthieu,0,52,1,,52,2,5,1
10,2025-10-08,P2,1,Capital,Points,Evan,0,40,1,,40,4,5,2
10,2025-10-08,P2,1,Capital,Points,Manon,0,32,1,,32,3,5,3
10,2025-10-08,P2,1,Capital,Points,Hepa,0,57,1,,57,1,5,4
10,2025-10-08,P2,2,20,Nombre,Matthieu,52,72,1,1,20,2,5,1
10,2025-10-08,P2,2,20,Nombre,Evan,40,20,0,-1,-20,4,5,2
10,2025-10-08,P2,2,20,Nombre,Manon,32,52,1,1,20,3,5,3
10,2025-10-08,P2,2,20,Nombre,Hepa,57,177,1,6,120,1,5,4
10,2025-10-08,P2,3,Suite,Spécial,Matthieu,72,36,0,,-36,2,5,1
10,2025-10-08,P2,3,Suite,Spécial,Evan,20,10,0,,-10,4,5,2
10,2025-10-08,P2,3,Suite,Spécial,Manon,52,26,0,,-26,3,5,3
10,2025-10-08,P2,3,Suite,Spécial,Hepa,177,88,0,,-89,1,5,4
10,2025-10-08,P2,4,19,Nombre,Matthieu,36,93,1,3,57,2,5,1
10,2025-10-08,P2,4,19,Nombre,Evan,10,48,1,2,38,4,5,2
10,2025-10-08,P2,4,19,Nombre,Manon,26,45,1,1,19,3,5,3
10,2025-10-08,P2,4,19,Nombre,Hepa,88,107,1,1,19,1,5,4
10,2025-10-08,P2,5,Côtés,Spécial,Matthieu,93,46,0,,-47,2,5,1
10,2025-10-08,P2,5,Côtés,Spécial,Evan,48,92,1,,44,4,5,2
10,2025-10-08,P2,5,Côtés,Spécial,Manon,45,94,1,,49,3,5,3
10,2025-10-08,P2,5,Côtés,Spécial,Hepa,107,138,1,,31,1,5,4
10,2025-10-08,P2,6,18,Nombre,Matthieu,46,64,1,1,18,2,5,1
10,2025-10-08,P2,6,18,Nombre,Evan,92,218,1,7,126,4,5,2
10,2025-10-08,P2,6,18,Nombre,Manon,94,112,1,1,18,3,5,3
10,2025-10-08,P2,6,18,Nombre,Hepa,138,156,1,1,18,1,5,4
10,2025-10-08,P2,7,Couleurs,Spécial,Matthieu,64,145,1,,81,2,5,1
10,2025-10-08,P2,7,Couleurs,Spécial,Evan,218,109,0,,-109,4,5,2
10,2025-10-08,P2,7,Couleurs,Spécial,Manon,112,56,0,,-56,3,5,3
10,2025-10-08,P2,7,Couleurs,Spécial,Hepa,156,78,0,,-78,1,5,4
10,2025-10-08,P2,8,17,Nombre,Matthieu,145,179,1,2,34,2,5,1
10,2025-10-08,P2,8,17,Nombre,Evan,109,143,1,2,34,4,5,2
10,2025-10-08,P2,8,17,Nombre,Manon,56,28,0,"-1,647058824",-28,3,5,3
10,2025-10-08,P2,8,17,Nombre,Hepa,78,39,0,"-2,294117647",-39,1,5,4
10,2025-10-08,P2,9,57 pts,Spécial,Matthieu,179,89,0,,-90,2,5,1
10,2025-10-08,P2,9,57 pts,Spécial,Evan,143,71,0,,-72,4,5,2
10,2025-10-08,P2,9,57 pts,Spécial,Manon,28,14,0,,-14,3,5,3
10,2025-10-08,P2,9,57 pts,Spécial,Hepa,39,19,0,,-20,1,5,4
10,2025-10-08,P2,10,16,Nombre,Matthieu,89,44,0,"-2,8125",-45,2,5,1
10,2025-10-08,P2,10,16,Nombre,Evan,71,35,0,"-2,25",-36,4,5,2
10,2025-10-08,P2,10,16,Nombre,Manon,14,46,1,2,32,3,5,3
10,2025-10-08,P2,10,16,Nombre,Hepa,19,9,0,"-0,625",-10,1,5,4
10,2025-10-08,P2,11,Peluche,Spécial,Matthieu,44,22,0,,-22,2,5,1
10,2025-10-08,P2,11,Peluche,Spécial,Evan,35,55,1,,20,4,5,2
10,2025-10-08,P2,11,Peluche,Spécial,Manon,46,23,0,,-23,3,5,3
10,2025-10-08,P2,11,Peluche,Spécial,Hepa,9,27,1,,18,1,5,4
10,2025-10-08,P2,12,15,Nombre,Matthieu,22,52,1,2,30,2,5,1
10,2025-10-08,P2,12,15,Nombre,Evan,55,85,1,2,30,4,5,2
10,2025-10-08,P2,12,15,Nombre,Manon,23,53,1,2,30,3,5,3
10,2025-10-08,P2,12,15,Nombre,Hepa,27,57,1,2,30,1,5,4
10,2025-10-08,P2,13,Triple,Spécial,Matthieu,52,91,1,,39,2,5,1
10,2025-10-08,P2,13,Triple,Spécial,Evan,85,42,0,,-43,4,5,2
10,2025-10-08,P2,13,Triple,Spécial,Manon,53,26,0,,-27,3,5,3
10,2025-10-08,P2,13,Triple,Spécial,Hepa,57,78,1,,21,1,5,4
10,2025-10-08,P2,14,14,Nombre,Matthieu,91,45,0,"-3,285714286",-46,2,5,1
10,2025-10-08,P2,14,14,Nombre,Evan,42,21,0,"-1,5",-21,4,5,2
10,2025-10-08,P2,14,14,Nombre,Manon,26,82,1,4,56,3,5,3
10,2025-10-08,P2,14,14,Nombre,Hepa,78,106,1,2,28,1,5,4
10,2025-10-08,P2,15,Double,Spécial,Matthieu,45,22,0,,-23,2,5,1
10,2025-10-08,P2,15,Double,Spécial,Evan,21,10,0,,-11,4,5,2
10,2025-10-08,P2,15,Double,Spécial,Manon,82,96,1,,14,3,5,3
10,2025-10-08,P2,15,Double,Spécial,Hepa,106,134,1,,28,1,5,4
10,2025-10-08,P2,16,13,Nombre,Matthieu,22,35,1,1,13,2,5,1
10,2025-10-08,P2,16,13,Nombre,Evan,10,23,1,1,13,4,5,2
10,2025-10-08,P2,16,13,Nombre,Manon,96,109,1,1,13,3,5,3
10,2025-10-08,P2,16,13,Nombre,Hepa,134,186,1,4,52,1,5,4
10,2025-10-08,P2,17,25,Spécial,Matthieu,35,60,1,1,25,2,5,1
10,2025-10-08,P2,17,25,Spécial,Evan,23,48,1,1,25,4,5,2
10,2025-10-08,P2,17,25,Spécial,Manon,109,54,0,"-2,2",-55,3,5,3
10,2025-10-08,P2,17,25,Spécial,Hepa,186,93,0,"-3,72",-93,1,5,4
11,2025-10-08,DF,1,Capital,Points,Q,0,32,1,,32,2,1,1
11,2025-10-08,DF,1,Capital,Points,Matthieu,0,53,1,,53,4,1,2
11,2025-10-08,DF,1,Capital,Points,Carré,0,85,1,,85,1,1,3
11,2025-10-08,DF,1,Capital,Points,Hepa,0,95,1,,95,3,1,4
11,2025-10-08,DF,2,20,Nombre,Q,32,72,1,2,40,2,1,1
11,2025-10-08,DF,2,20,Nombre,Matthieu,53,93,1,2,40,4,1,2
11,2025-10-08,DF,2,20,Nombre,Carré,85,105,1,1,20,1,1,3
11,2025-10-08,DF,2,20,Nombre,Hepa,95,115,1,1,20,3,1,4
11,2025-10-08,DF,3,Suite,Spécial,Q,72,36,0,,-36,2,1,1
11,2025-10-08,DF,3,Suite,Spécial,Matthieu,93,46,0,,-47,4,1,2
11,2025-10-08,DF,3,Suite,Spécial,Carré,105,120,1,,15,1,1,3
11,2025-10-08,DF,3,Suite,Spécial,Hepa,115,57,0,,-58,3,1,4
11,2025-10-08,DF,4,19,Nombre,Q,36,18,0,"-0,9473684211",-18,2,1,1
11,2025-10-08,DF,4,19,Nombre,Matthieu,46,141,1,5,95,4,1,2
11,2025-10-08,DF,4,19,Nombre,Carré,120,139,1,1,19,1,1,3
11,2025-10-08,DF,4,19,Nombre,Hepa,57,95,1,2,38,3,1,4
11,2025-10-08,DF,5,Côtés,Spécial,Q,18,9,0,,-9,2,1,1
11,2025-10-08,DF,5,Côtés,Spécial,Matthieu,141,70,0,,-71,4,1,2
11,2025-10-08,DF,5,Côtés,Spécial,Carré,139,69,0,,-70,1,1,3
11,2025-10-08,DF,5,Côtés,Spécial,Hepa,95,47,0,,-48,3,1,4
11,2025-10-08,DF,6,18,Nombre,Q,9,45,1,2,36,2,1,1
11,2025-10-08,DF,6,18,Nombre,Matthieu,70,88,1,1,18,4,1,2
11,2025-10-08,DF,6,18,Nombre,Carré,69,87,1,1,18,1,1,3
11,2025-10-08,DF,6,18,Nombre,Hepa,47,65,1,1,18,3,1,4
11,2025-10-08,DF,7,Couleurs,Spécial,Q,45,22,0,,-23,2,1,1
11,2025-10-08,DF,7,Couleurs,Spécial,Matthieu,88,44,0,,-44,4,1,2
11,2025-10-08,DF,7,Couleurs,Spécial,Carré,87,43,0,,-44,1,1,3
11,2025-10-08,DF,7,Couleurs,Spécial,Hepa,65,32,0,,-33,3,1,4
11,2025-10-08,DF,8,17,Nombre,Q,22,56,1,2,34,2,1,1
11,2025-10-08,DF,8,17,Nombre,Matthieu,44,61,1,1,17,4,1,2
11,2025-10-08,DF,8,17,Nombre,Carré,43,111,1,4,68,1,1,3
11,2025-10-08,DF,8,17,Nombre,Hepa,32,66,1,2,34,3,1,4
11,2025-10-08,DF,9,57 pts,Spécial,Q,56,28,0,,-28,2,1,1
11,2025-10-08,DF,9,57 pts,Spécial,Matthieu,61,30,0,,-31,4,1,2
11,2025-10-08,DF,9,57 pts,Spécial,Carré,111,55,0,,-56,1,1,3
11,2025-10-08,DF,9,57 pts,Spécial,Hepa,66,123,1,,57,3,1,4
11,2025-10-08,DF,10,16,Nombre,Q,28,92,1,4,64,2,1,1
11,2025-10-08,DF,10,16,Nombre,Matthieu,30,15,0,"-0,9375",-15,4,1,2
11,2025-10-08,DF,10,16,Nombre,Carré,55,103,1,3,48,1,1,3
11,2025-10-08,DF,10,16,Nombre,Hepa,123,155,1,2,32,3,1,4
11,2025-10-08,DF,11,Peluche,Spécial,Q,92,112,1,,20,2,1,1
11,2025-10-08,DF,11,Peluche,Spécial,Matthieu,15,7,0,,-8,4,1,2
11,2025-10-08,DF,11,Peluche,Spécial,Carré,103,51,0,,-52,1,1,3
11,2025-10-08,DF,11,Peluche,Spécial,Hepa,155,77,0,,-78,3,1,4
11,2025-10-08,DF,12,15,Nombre,Q,112,127,1,1,15,2,1,1
11,2025-10-08,DF,12,15,Nombre,Matthieu,7,3,0,"-0,2666666667",-4,4,1,2
11,2025-10-08,DF,12,15,Nombre,Carré,51,81,1,2,30,1,1,3
11,2025-10-08,DF,12,15,Nombre,Hepa,77,107,1,2,30,3,1,4
11,2025-10-08,DF,13,Triple,Spécial,Q,127,63,0,,-64,2,1,1
11,2025-10-08,DF,13,Triple,Spécial,Matthieu,3,1,0,,-2,4,1,2
11,2025-10-08,DF,13,Triple,Spécial,Carré,81,40,0,,-41,1,1,3
11,2025-10-08,DF,13,Triple,Spécial,Hepa,107,53,0,,-54,3,1,4
11,2025-10-08,DF,14,14,Nombre,Q,63,91,1,2,28,2,1,1
11,2025-10-08,DF,14,14,Nombre,Matthieu,1,0,0,"-0,07142857143",-1,4,1,2
11,2025-10-08,DF,14,14,Nombre,Carré,40,68,1,2,28,1,1,3
11,2025-10-08,DF,14,14,Nombre,Hepa,53,81,1,2,28,3,1,4
11,2025-10-08,DF,15,Double,Spécial,Q,91,45,0,,-46,2,1,1
11,2025-10-08,DF,15,Double,Spécial,Matthieu,0,16,1,,16,4,1,2
11,2025-10-08,DF,15,Double,Spécial,Carré,68,100,1,,32,1,1,3
11,2025-10-08,DF,15,Double,Spécial,Hepa,81,109,1,,28,3,1,4
11,2025-10-08,DF,16,13,Nombre,Q,45,58,1,1,13,2,1,1
11,2025-10-08,DF,16,13,Nombre,Matthieu,16,29,1,1,13,4,1,2
11,2025-10-08,DF,16,13,Nombre,Carré,100,113,1,1,13,1,1,3
11,2025-10-08,DF,16,13,Nombre,Hepa,109,54,0,"-4,230769231",-55,3,1,4
11,2025-10-08,DF,17,25,Spécial,Q,58,29,0,"-1,16",-29,2,1,1
11,2025-10-08,DF,17,25,Spécial,Matthieu,29,14,0,"-0,6",-15,4,1,2
11,2025-10-08,DF,17,25,Spécial,Carré,113,57,0,"-2,24",-56,1,1,3
11,2025-10-08,DF,17,25,Spécial,Hepa,54,27,0,"-1,08",-27,3,1,4
12,2025-10-08,DF,1,Capital,Points,Quentin,0,33,1,,33,2,2,1
12,2025-10-08,DF,1,Capital,Points,Lucas,0,25,1,,25,3,2,2
12,2025-10-08,DF,1,Capital,Points,Touss,0,22,1,,22,4,2,3
12,2025-10-08,DF,1,Capital,Points,Aurel,0,125,1,,125,1,2,4
12,2025-10-08,DF,2,20,Nombre,Quentin,33,73,1,2,40,2,2,1
12,2025-10-08,DF,2,20,Nombre,Lucas,25,45,1,1,20,3,2,2
12,2025-10-08,DF,2,20,Nombre,Touss,22,42,1,1,20,4,2,3
12,2025-10-08,DF,2,20,Nombre,Aurel,125,62,0,"-3,15",-63,1,2,4
12,2025-10-08,DF,3,Suite,Spécial,Quentin,73,36,0,,-37,2,2,1
12,2025-10-08,DF,3,Suite,Spécial,Lucas,45,77,1,,32,3,2,2
12,2025-10-08,DF,3,Suite,Spécial,Touss,42,63,1,,21,4,2,3
12,2025-10-08,DF,3,Suite,Spécial,Aurel,62,89,1,,27,1,2,4
12,2025-10-08,DF,4,19,Nombre,Quentin,36,18,0,"-0,9473684211",-18,2,2,1
12,2025-10-08,DF,4,19,Nombre,Lucas,77,96,1,1,19,3,2,2
12,2025-10-08,DF,4,19,Nombre,Touss,63,82,1,1,19,4,2,3
12,2025-10-08,DF,4,19,Nombre,Aurel,89,127,1,2,38,1,2,4
12,2025-10-08,DF,5,Côtés,Spécial,Quentin,18,9,0,,-9,2,2,1
12,2025-10-08,DF,5,Côtés,Spécial,Lucas,96,48,0,,-48,3,2,2
12,2025-10-08,DF,5,Côtés,Spécial,Touss,82,117,1,,35,4,2,3
12,2025-10-08,DF,5,Côtés,Spécial,Aurel,127,221,1,,94,1,2,4
12,2025-10-08,DF,6,18,Nombre,Quentin,9,63,1,3,54,2,2,1
12,2025-10-08,DF,6,18,Nombre,Lucas,48,66,1,1,18,3,2,2
12,2025-10-08,DF,6,18,Nombre,Touss,117,171,1,3,54,4,2,3
12,2025-10-08,DF,6,18,Nombre,Aurel,221,257,1,2,36,1,2,4
12,2025-10-08,DF,7,Couleurs,Spécial,Quentin,63,127,1,,64,2,2,1
12,2025-10-08,DF,7,Couleurs,Spécial,Lucas,66,33,0,,-33,3,2,2
12,2025-10-08,DF,7,Couleurs,Spécial,Touss,171,85,0,,-86,4,2,3
12,2025-10-08,DF,7,Couleurs,Spécial,Aurel,257,128,0,,-129,1,2,4
12,2025-10-08,DF,8,17,Nombre,Quentin,127,178,1,3,51,2,2,1
12,2025-10-08,DF,8,17,Nombre,Lucas,33,16,0,-1,-17,3,2,2
12,2025-10-08,DF,8,17,Nombre,Touss,85,102,1,1,17,4,2,3
12,2025-10-08,DF,8,17,Nombre,Aurel,128,64,0,"-3,764705882",-64,1,2,4
12,2025-10-08,DF,9,57 pts,Spécial,Quentin,178,89,0,,-89,2,2,1
12,2025-10-08,DF,9,57 pts,Spécial,Lucas,16,8,0,,-8,3,2,2
12,2025-10-08,DF,9,57 pts,Spécial,Touss,102,51,0,,-51,4,2,3
12,2025-10-08,DF,9,57 pts,Spécial,Aurel,64,121,1,,57,1,2,4
12,2025-10-08,DF,10,16,Nombre,Quentin,89,121,1,2,32,2,2,1
12,2025-10-08,DF,10,16,Nombre,Lucas,8,24,1,1,16,3,2,2
12,2025-10-08,DF,10,16,Nombre,Touss,51,67,1,1,16,4,2,3
12,2025-10-08,DF,10,16,Nombre,Aurel,121,169,1,3,48,1,2,4
12,2025-10-08,DF,11,Peluche,Spécial,Quentin,121,140,1,,19,2,2,1
12,2025-10-08,DF,11,Peluche,Spécial,Lucas,24,12,0,,-12,3,2,2
12,2025-10-08,DF,11,Peluche,Spécial,Touss,67,33,0,,-34,4,2,3
12,2025-10-08,DF,11,Peluche,Spécial,Aurel,169,84,0,,-85,1,2,4
12,2025-10-08,DF,12,15,Nombre,Quentin,140,155,1,1,15,2,2,1
12,2025-10-08,DF,12,15,Nombre,Lucas,12,27,1,1,15,3,2,2
12,2025-10-08,DF,12,15,Nombre,Touss,33,63,1,2,30,4,2,3
12,2025-10-08,DF,12,15,Nombre,Aurel,84,99,1,1,15,1,2,4
12,2025-10-08,DF,13,Triple,Spécial,Quentin,155,197,1,,42,2,2,1
12,2025-10-08,DF,13,Triple,Spécial,Lucas,27,13,0,,-14,3,2,2
12,2025-10-08,DF,13,Triple,Spécial,Touss,63,31,0,,-32,4,2,3
12,2025-10-08,DF,13,Triple,Spécial,Aurel,99,49,0,,-50,1,2,4
12,2025-10-08,DF,14,14,Nombre,Quentin,197,211,1,1,14,2,2,1
12,2025-10-08,DF,14,14,Nombre,Lucas,13,27,1,1,14,3,2,2
12,2025-10-08,DF,14,14,Nombre,Touss,31,15,0,"-1,142857143",-16,4,2,3
12,2025-10-08,DF,14,14,Nombre,Aurel,49,91,1,3,42,1,2,4
12,2025-10-08,DF,15,Double,Spécial,Quentin,211,105,0,,-106,2,2,1
12,2025-10-08,DF,15,Double,Spécial,Lucas,27,35,1,,8,3,2,2
12,2025-10-08,DF,15,Double,Spécial,Touss,15,7,0,,-8,4,2,3
12,2025-10-08,DF,15,Double,Spécial,Aurel,91,123,1,,32,1,2,4
12,2025-10-08,DF,16,13,Nombre,Quentin,105,118,1,1,13,2,2,1
12,2025-10-08,DF,16,13,Nombre,Lucas,35,48,1,1,13,3,2,2
12,2025-10-08,DF,16,13,Nombre,Touss,7,46,1,3,39,4,2,3
12,2025-10-08,DF,16,13,Nombre,Aurel,123,61,0,"-4,769230769",-62,1,2,4
12,2025-10-08,DF,17,25,Spécial,Quentin,118,59,0,"-2,36",-59,2,2,1
12,2025-10-08,DF,17,25,Spécial,Lucas,48,24,0,"-0,96",-24,3,2,2
12,2025-10-08,DF,17,25,Spécial,Touss,46,23,0,"-0,92",-23,4,2,3
12,2025-10-08,DF,17,25,Spécial,Aurel,61,111,1,2,50,1,2,4
13,2025-10-08,DF,1,Capital,Points,Jeremy,0,41,1,,41,1,3,1
13,2025-10-08,DF,1,Capital,Points,Ely,0,43,1,,43,3,3,2
13,2025-10-08,DF,1,Capital,Points,Thib,0,67,1,,67,2,3,3
13,2025-10-08,DF,1,Capital,Points,Manon,0,30,1,,30,4,3,4
13,2025-10-08,DF,2,20,Nombre,Jeremy,41,141,1,5,100,1,3,1
13,2025-10-08,DF,2,20,Nombre,Ely,43,63,1,1,20,3,3,2
13,2025-10-08,DF,2,20,Nombre,Thib,67,33,0,"-1,7",-34,2,3,3
13,2025-10-08,DF,2,20,Nombre,Manon,30,90,1,3,60,4,3,4
13,2025-10-08,DF,3,Suite,Spécial,Jeremy,141,70,0,,-71,1,3,1
13,2025-10-08,DF,3,Suite,Spécial,Ely,63,96,1,,33,3,3,2
13,2025-10-08,DF,3,Suite,Spécial,Thib,33,16,0,,-17,2,3,3
13,2025-10-08,DF,3,Suite,Spécial,Manon,90,45,0,,-45,4,3,4
13,2025-10-08,DF,4,19,Nombre,Jeremy,70,108,1,2,38,1,3,1
13,2025-10-08,DF,4,19,Nombre,Ely,96,115,1,1,19,3,3,2
13,2025-10-08,DF,4,19,Nombre,Thib,16,8,0,"-0,4210526316",-8,2,3,3
13,2025-10-08,DF,4,19,Nombre,Manon,45,22,0,"-1,210526316",-23,4,3,4
13,2025-10-08,DF,5,Côtés,Spécial,Jeremy,108,54,0,,-54,1,3,1
13,2025-10-08,DF,5,Côtés,Spécial,Ely,115,57,0,,-58,3,3,2
13,2025-10-08,DF,5,Côtés,Spécial,Thib,8,4,0,,-4,2,3,3
13,2025-10-08,DF,5,Côtés,Spécial,Manon,22,11,0,,-11,4,3,4
13,2025-10-08,DF,6,18,Nombre,Jeremy,54,72,1,1,18,1,3,1
13,2025-10-08,DF,6,18,Nombre,Ely,57,75,1,1,18,3,3,2
13,2025-10-08,DF,6,18,Nombre,Thib,4,2,0,"-0,1111111111",-2,2,3,3
13,2025-10-08,DF,6,18,Nombre,Manon,11,47,1,2,36,4,3,4
13,2025-10-08,DF,7,Couleurs,Spécial,Jeremy,72,157,1,,85,1,3,1
13,2025-10-08,DF,7,Couleurs,Spécial,Ely,75,37,0,,-38,3,3,2
13,2025-10-08,DF,7,Couleurs,Spécial,Thib,2,41,1,,39,2,3,3
13,2025-10-08,DF,7,Couleurs,Spécial,Manon,47,23,0,,-24,4,3,4
13,2025-10-08,DF,8,17,Nombre,Jeremy,157,174,1,1,17,1,3,1
13,2025-10-08,DF,8,17,Nombre,Ely,37,18,0,"-1,117647059",-19,3,3,2
13,2025-10-08,DF,8,17,Nombre,Thib,41,75,1,2,34,2,3,3
13,2025-10-08,DF,8,17,Nombre,Manon,23,11,0,"-0,7058823529",-12,4,3,4
13,2025-10-08,DF,9,57 pts,Spécial,Jeremy,174,231,1,,57,1,3,1
13,2025-10-08,DF,9,57 pts,Spécial,Ely,18,9,0,,-9,3,3,2
13,2025-10-08,DF,9,57 pts,Spécial,Thib,75,37,0,,-38,2,3,3
13,2025-10-08,DF,9,57 pts,Spécial,Manon,11,5,0,,-6,4,3,4
13,2025-10-08,DF,10,16,Nombre,Jeremy,231,115,0,"-7,25",-116,1,3,1
13,2025-10-08,DF,10,16,Nombre,Ely,9,41,1,2,32,3,3,2
13,2025-10-08,DF,10,16,Nombre,Thib,37,18,0,"-1,1875",-19,2,3,3
13,2025-10-08,DF,10,16,Nombre,Manon,5,21,1,1,16,4,3,4
13,2025-10-08,DF,11,Peluche,Spécial,Jeremy,115,135,1,,20,1,3,1
13,2025-10-08,DF,11,Peluche,Spécial,Ely,41,52,1,,11,3,3,2
13,2025-10-08,DF,11,Peluche,Spécial,Thib,18,9,0,,-9,2,3,3
13,2025-10-08,DF,11,Peluche,Spécial,Manon,21,39,1,,18,4,3,4
13,2025-10-08,DF,12,15,Nombre,Jeremy,135,180,1,3,45,1,3,1
13,2025-10-08,DF,12,15,Nombre,Ely,52,82,1,2,30,3,3,2
13,2025-10-08,DF,12,15,Nombre,Thib,9,39,1,2,30,2,3,3
13,2025-10-08,DF,12,15,Nombre,Manon,39,99,1,4,60,4,3,4
13,2025-10-08,DF,13,Triple,Spécial,Jeremy,180,90,0,,-90,1,3,1
13,2025-10-08,DF,13,Triple,Spécial,Ely,82,85,1,,3,3,3,2
13,2025-10-08,DF,13,Triple,Spécial,Thib,39,102,1,,63,2,3,3
13,2025-10-08,DF,13,Triple,Spécial,Manon,99,49,0,,-50,4,3,4
13,2025-10-08,DF,14,14,Nombre,Jeremy,90,118,1,2,28,1,3,1
13,2025-10-08,DF,14,14,Nombre,Ely,85,141,1,4,56,3,3,2
13,2025-10-08,DF,14,14,Nombre,Thib,102,116,1,1,14,2,3,3
13,2025-10-08,DF,14,14,Nombre,Manon,49,24,0,"-1,785714286",-25,4,3,4
13,2025-10-08,DF,15,Double,Spécial,Jeremy,118,196,1,,78,1,3,1
13,2025-10-08,DF,15,Double,Spécial,Ely,141,70,0,,-71,3,3,2
13,2025-10-08,DF,15,Double,Spécial,Thib,116,158,1,,42,2,3,3
13,2025-10-08,DF,15,Double,Spécial,Manon,24,12,0,,-12,4,3,4
13,2025-10-08,DF,16,13,Nombre,Jeremy,196,248,1,4,52,1,3,1
13,2025-10-08,DF,16,13,Nombre,Ely,70,96,1,2,26,3,3,2
13,2025-10-08,DF,16,13,Nombre,Thib,158,184,1,2,26,2,3,3
13,2025-10-08,DF,16,13,Nombre,Manon,12,6,0,"-0,4615384615",-6,4,3,4
13,2025-10-08,DF,17,25,Spécial,Jeremy,248,273,1,1,25,1,3,1
13,2025-10-08,DF,17,25,Spécial,Ely,96,146,1,2,50,3,3,2
13,2025-10-08,DF,17,25,Spécial,Thib,184,209,1,1,25,2,3,3
13,2025-10-08,DF,17,25,Spécial,Manon,6,31,1,1,25,4,3,4
14,2025-10-08,DF,1,Capital,Points,Stef,0,26,1,,26,1,4,1
14,2025-10-08,DF,1,Capital,Points,Béné,0,27,1,,27,4,4,2
14,2025-10-08,DF,1,Capital,Points,Antoine,0,79,1,,79,2,4,3
14,2025-10-08,DF,1,Capital,Points,Evan,0,26,1,,26,3,4,4
14,2025-10-08,DF,2,20,Nombre,Stef,26,86,1,3,60,1,4,1
14,2025-10-08,DF,2,20,Nombre,Béné,27,67,1,2,40,4,4,2
14,2025-10-08,DF,2,20,Nombre,Antoine,79,99,1,1,20,2,4,3
14,2025-10-08,DF,2,20,Nombre,Evan,26,46,1,1,20,3,4,4
14,2025-10-08,DF,3,Suite,Spécial,Stef,86,107,1,,21,1,4,1
14,2025-10-08,DF,3,Suite,Spécial,Béné,67,33,0,,-34,4,4,2
14,2025-10-08,DF,3,Suite,Spécial,Antoine,99,49,0,,-50,2,4,3
14,2025-10-08,DF,3,Suite,Spécial,Evan,46,43,0,,-3,3,4,4
14,2025-10-08,DF,4,19,Nombre,Stef,107,145,1,2,38,1,4,1
14,2025-10-08,DF,4,19,Nombre,Béné,33,52,1,1,19,4,4,2
14,2025-10-08,DF,4,19,Nombre,Antoine,49,87,1,2,38,2,4,3
14,2025-10-08,DF,4,19,Nombre,Evan,43,62,1,1,19,3,4,4
14,2025-10-08,DF,5,Côtés,Spécial,Stef,145,187,1,,42,1,4,1
14,2025-10-08,DF,5,Côtés,Spécial,Béné,52,26,0,,-26,4,4,2
14,2025-10-08,DF,5,Côtés,Spécial,Antoine,87,43,0,,-44,2,4,3
14,2025-10-08,DF,5,Côtés,Spécial,Evan,62,110,1,,48,3,4,4
14,2025-10-08,DF,6,18,Nombre,Stef,187,223,1,2,36,1,4,1
14,2025-10-08,DF,6,18,Nombre,Béné,26,13,0,"-0,7222222222",-13,4,4,2
14,2025-10-08,DF,6,18,Nombre,Antoine,43,79,1,2,36,2,4,3
14,2025-10-08,DF,6,18,Nombre,Evan,110,128,1,1,18,3,4,4
14,2025-10-08,DF,7,Couleurs,Spécial,Stef,223,111,0,,-112,1,4,1
14,2025-10-08,DF,7,Couleurs,Spécial,Béné,13,6,0,,-7,4,4,2
14,2025-10-08,DF,7,Couleurs,Spécial,Antoine,79,39,0,,-40,2,4,3
14,2025-10-08,DF,7,Couleurs,Spécial,Evan,128,64,0,,-64,3,4,4
14,2025-10-08,DF,8,17,Nombre,Stef,111,128,1,1,17,1,4,1
14,2025-10-08,DF,8,17,Nombre,Béné,6,23,1,1,17,4,4,2
14,2025-10-08,DF,8,17,Nombre,Antoine,39,73,1,2,34,2,4,3
14,2025-10-08,DF,8,17,Nombre,Evan,64,98,1,2,34,3,4,4
14,2025-10-08,DF,9,57 pts,Spécial,Stef,128,64,0,,-64,1,4,1
14,2025-10-08,DF,9,57 pts,Spécial,Béné,23,11,0,,-12,4,4,2
14,2025-10-08,DF,9,57 pts,Spécial,Antoine,73,130,1,,57,2,4,3
14,2025-10-08,DF,9,57 pts,Spécial,Evan,98,49,0,,-49,3,4,4
14,2025-10-08,DF,10,16,Nombre,Stef,64,112,1,3,48,1,4,1
14,2025-10-08,DF,10,16,Nombre,Béné,11,5,0,"-0,375",-6,4,4,2
14,2025-10-08,DF,10,16,Nombre,Antoine,130,210,1,5,80,2,4,3
14,2025-10-08,DF,10,16,Nombre,Evan,49,24,0,"-1,5625",-25,3,4,4
14,2025-10-08,DF,11,Peluche,Spécial,Stef,112,56,0,,-56,1,4,1
14,2025-10-08,DF,11,Peluche,Spécial,Béné,5,20,1,,15,4,4,2
14,2025-10-08,DF,11,Peluche,Spécial,Antoine,210,105,0,,-105,2,4,3
14,2025-10-08,DF,11,Peluche,Spécial,Evan,24,12,0,,-12,3,4,4
14,2025-10-08,DF,12,15,Nombre,Stef,56,131,1,5,75,1,4,1
14,2025-10-08,DF,12,15,Nombre,Béné,20,35,1,1,15,4,4,2
14,2025-10-08,DF,12,15,Nombre,Antoine,105,120,1,1,15,2,4,3
14,2025-10-08,DF,12,15,Nombre,Evan,12,57,1,3,45,3,4,4
14,2025-10-08,DF,13,Triple,Spécial,Stef,131,65,0,,-66,1,4,1
14,2025-10-08,DF,13,Triple,Spécial,Béné,35,17,0,,-18,4,4,2
14,2025-10-08,DF,13,Triple,Spécial,Antoine,120,129,1,,9,2,4,3
14,2025-10-08,DF,13,Triple,Spécial,Evan,57,117,1,,60,3,4,4
14,2025-10-08,DF,14,14,Nombre,Stef,65,93,1,2,28,1,4,1
14,2025-10-08,DF,14,14,Nombre,Béné,17,31,1,1,14,4,4,2
14,2025-10-08,DF,14,14,Nombre,Antoine,129,157,1,2,28,2,4,3
14,2025-10-08,DF,14,14,Nombre,Evan,117,145,1,2,28,3,4,4
14,2025-10-08,DF,15,Double,Spécial,Stef,93,169,1,,76,1,4,1
14,2025-10-08,DF,15,Double,Spécial,Béné,31,15,0,,-16,4,4,2
14,2025-10-08,DF,15,Double,Spécial,Antoine,157,78,0,,-79,2,4,3
14,2025-10-08,DF,15,Double,Spécial,Evan,145,209,1,,64,3,4,4
14,2025-10-08,DF,16,13,Nombre,Stef,169,182,1,1,13,1,4,1
14,2025-10-08,DF,16,13,Nombre,Béné,15,28,1,1,13,4,4,2
14,2025-10-08,DF,16,13,Nombre,Antoine,78,117,1,3,39,2,4,3
14,2025-10-08,DF,16,13,Nombre,Evan,209,104,0,"-8,076923077",-105,3,4,4
14,2025-10-08,DF,17,25,Spécial,Stef,182,207,1,1,25,1,4,1
14,2025-10-08,DF,17,25,Spécial,Béné,28,14,0,"-0,56",-14,4,4,2
14,2025-10-08,DF,17,25,Spécial,Antoine,117,58,0,"-2,36",-59,2,4,3
14,2025-10-08,DF,17,25,Spécial,Evan,104,52,0,"-2,08",-52,3,4,4
15,2025-10-08,DF,1,Capital,Points,Lolo,0,83,1,,83,1,5,1
15,2025-10-08,DF,1,Capital,Points,Albert,0,73,1,,73,3,5,2
15,2025-10-08,DF,1,Capital,Points,Remi,0,48,1,,48,4,5,3
15,2025-10-08,DF,1,Capital,Points,Ethos,0,78,1,,78,2,5,4
15,2025-10-08,DF,2,20,Nombre,Lolo,83,123,1,2,40,1,5,1
15,2025-10-08,DF,2,20,Nombre,Albert,73,93,1,1,20,3,5,2
15,2025-10-08,DF,2,20,Nombre,Remi,48,24,0,"-1,2",-24,4,5,3
15,2025-10-08,DF,2,20,Nombre,Ethos,78,39,0,"-1,95",-39,2,5,4
15,2025-10-08,DF,3,Suite,Spécial,Lolo,123,153,1,,30,1,5,1
15,2025-10-08,DF,3,Suite,Spécial,Albert,93,101,1,,8,3,5,2
15,2025-10-08,DF,3,Suite,Spécial,Remi,24,63,1,,39,4,5,3
15,2025-10-08,DF,3,Suite,Spécial,Ethos,39,19,0,,-20,2,5,4
15,2025-10-08,DF,4,19,Nombre,Lolo,153,172,1,1,19,1,5,1
15,2025-10-08,DF,4,19,Nombre,Albert,101,177,1,4,76,3,5,2
15,2025-10-08,DF,4,19,Nombre,Remi,63,101,1,2,38,4,5,3
15,2025-10-08,DF,4,19,Nombre,Ethos,19,38,1,1,19,2,5,4
15,2025-10-08,DF,5,Côtés,Spécial,Lolo,172,214,1,,42,1,5,1
15,2025-10-08,DF,5,Côtés,Spécial,Albert,177,88,0,,-89,3,5,2
15,2025-10-08,DF,5,Côtés,Spécial,Remi,101,50,0,,-51,4,5,3
15,2025-10-08,DF,5,Côtés,Spécial,Ethos,38,19,0,,-19,2,5,4
15,2025-10-08,DF,6,18,Nombre,Lolo,214,232,1,1,18,1,5,1
15,2025-10-08,DF,6,18,Nombre,Albert,88,106,1,1,18,3,5,2
15,2025-10-08,DF,6,18,Nombre,Remi,50,25,0,"-1,388888889",-25,4,5,3
15,2025-10-08,DF,6,18,Nombre,Ethos,19,55,1,2,36,2,5,4
15,2025-10-08,DF,7,Couleurs,Spécial,Lolo,232,293,1,,61,1,5,1
15,2025-10-08,DF,7,Couleurs,Spécial,Albert,106,185,1,,79,3,5,2
15,2025-10-08,DF,7,Couleurs,Spécial,Remi,25,12,0,,-13,4,5,3
15,2025-10-08,DF,7,Couleurs,Spécial,Ethos,55,27,0,,-28,2,5,4
15,2025-10-08,DF,8,17,Nombre,Lolo,293,310,1,1,17,1,5,1
15,2025-10-08,DF,8,17,Nombre,Albert,185,202,1,1,17,3,5,2
15,2025-10-08,DF,8,17,Nombre,Remi,12,6,0,"-0,3529411765",-6,4,5,3
15,2025-10-08,DF,8,17,Nombre,Ethos,27,13,0,"-0,8235294118",-14,2,5,4
15,2025-10-08,DF,9,57 pts,Spécial,Lolo,310,155,0,,-155,1,5,1
15,2025-10-08,DF,9,57 pts,Spécial,Albert,202,101,0,,-101,3,5,2
15,2025-10-08,DF,9,57 pts,Spécial,Remi,6,3,0,,-3,4,5,3
15,2025-10-08,DF,9,57 pts,Spécial,Ethos,13,6,0,,-7,2,5,4
15,2025-10-08,DF,10,16,Nombre,Lolo,155,77,0,"-4,875",-78,1,5,1
15,2025-10-08,DF,10,16,Nombre,Albert,101,213,1,7,112,3,5,2
15,2025-10-08,DF,10,16,Nombre,Remi,3,19,1,1,16,4,5,3
15,2025-10-08,DF,10,16,Nombre,Ethos,6,3,0,"-0,1875",-3,2,5,4
15,2025-10-08,DF,11,Peluche,Spécial,Lolo,77,97,1,,20,1,5,1
15,2025-10-08,DF,11,Peluche,Spécial,Albert,213,233,1,,20,3,5,2
15,2025-10-08,DF,11,Peluche,Spécial,Remi,19,9,0,,-10,4,5,3
15,2025-10-08,DF,11,Peluche,Spécial,Ethos,3,1,0,,-2,2,5,4
15,2025-10-08,DF,12,15,Nombre,Lolo,97,157,1,4,60,1,5,1
15,2025-10-08,DF,12,15,Nombre,Albert,233,116,0,"-7,8",-117,3,5,2
15,2025-10-08,DF,12,15,Nombre,Remi,9,24,1,1,15,4,5,3
15,2025-10-08,DF,12,15,Nombre,Ethos,1,61,1,4,60,2,5,4
15,2025-10-08,DF,13,Triple,Spécial,Lolo,157,78,0,,-79,1,5,1
15,2025-10-08,DF,13,Triple,Spécial,Albert,116,132,1,,16,3,5,2
15,2025-10-08,DF,13,Triple,Spécial,Remi,24,12,0,,-12,4,5,3
15,2025-10-08,DF,13,Triple,Spécial,Ethos,61,91,1,,30,2,5,4
15,2025-10-08,DF,14,14,Nombre,Lolo,78,92,1,1,14,1,5,1
15,2025-10-08,DF,14,14,Nombre,Albert,132,66,0,"-4,714285714",-66,3,5,2
15,2025-10-08,DF,14,14,Nombre,Remi,12,6,0,"-0,4285714286",-6,4,5,3
15,2025-10-08,DF,14,14,Nombre,Ethos,91,105,1,1,14,2,5,4
15,2025-10-08,DF,15,Double,Spécial,Lolo,92,46,0,,-46,1,5,1
15,2025-10-08,DF,15,Double,Spécial,Albert,66,33,0,,-33,3,5,2
15,2025-10-08,DF,15,Double,Spécial,Remi,6,3,0,,-3,4,5,3
15,2025-10-08,DF,15,Double,Spécial,Ethos,105,52,0,,-53,2,5,4
15,2025-10-08,DF,16,13,Nombre,Lolo,46,85,1,3,39,1,5,1
15,2025-10-08,DF,16,13,Nombre,Albert,33,72,1,3,39,3,5,2
15,2025-10-08,DF,16,13,Nombre,Remi,3,0,0,"-0,2307692308",-3,4,5,3
15,2025-10-08,DF,16,13,Nombre,Ethos,52,78,1,2,26,2,5,4
15,2025-10-08,DF,17,25,Spécial,Lolo,85,110,1,1,25,1,5,1
15,2025-10-08,DF,17,25,Spécial,Albert,72,36,0,"-1,44",-36,3,5,2
15,2025-10-08,DF,17,25,Spécial,Remi,0,0,0,0,0,4,5,3
15,2025-10-08,DF,17,25,Spécial,Ethos,78,39,0,"-1,56",-39,2,5,4
16,2025-10-08,F,1,Capital,Points,Lolo,0,30,1,,30,4,1,1
16,2025-10-08,F,1,Capital,Points,Carré,0,100,1,,100,2,1,2
16,2025-10-08,F,1,Capital,Points,Stef,0,83,1,,83,1,1,3
16,2025-10-08,F,1,Capital,Points,Aurel,0,45,1,,45,3,1,4
16,2025-10-08,F,1,Capital,Points,Lolo,0,45,1,,45,5,1,5
16,2025-10-08,F,2,20,Nombre,Lolo,30,50,1,1,20,4,1,1
16,2025-10-08,F,2,20,Nombre,Carré,100,120,1,1,20,2,1,2
16,2025-10-08,F,2,20,Nombre,Stef,83,41,0,"-2,1",-42,1,1,3
16,2025-10-08,F,2,20,Nombre,Aurel,45,22,0,"-1,15",-23,3,1,4
16,2025-10-08,F,2,20,Nombre,Lolo,45,85,1,2,40,5,1,5
16,2025-10-08,F,3,Suite,Spécial,Lolo,50,129,1,,79,4,1,1
16,2025-10-08,F,3,Suite,Spécial,Carré,120,60,0,,-60,2,1,2
16,2025-10-08,F,3,Suite,Spécial,Stef,41,20,0,,-21,1,1,3
16,2025-10-08,F,3,Suite,Spécial,Aurel,22,31,1,,9,3,1,4
16,2025-10-08,F,3,Suite,Spécial,Lolo,85,42,0,,-43,5,1,5
16,2025-10-08,F,4,19,Nombre,Lolo,129,167,1,2,38,4,1,1
16,2025-10-08,F,4,19,Nombre,Carré,60,30,0,"-1,578947368",-30,2,1,2
16,2025-10-08,F,4,19,Nombre,Stef,20,58,1,2,38,1,1,3
16,2025-10-08,F,4,19,Nombre,Aurel,31,50,1,1,19,3,1,4
16,2025-10-08,F,4,19,Nombre,Lolo,42,61,1,1,19,5,1,5
16,2025-10-08,F,5,Côtés,Spécial,Lolo,167,83,0,,-84,4,1,1
16,2025-10-08,F,5,Côtés,Spécial,Carré,30,15,0,,-15,2,1,2
16,2025-10-08,F,5,Côtés,Spécial,Stef,58,29,0,,-29,1,1,3
16,2025-10-08,F,5,Côtés,Spécial,Aurel,50,99,1,,49,3,1,4
16,2025-10-08,F,5,Côtés,Spécial,Lolo,61,100,1,,39,5,1,5
16,2025-10-08,F,6,18,Nombre,Lolo,83,119,1,2,36,4,1,1
16,2025-10-08,F,6,18,Nombre,Carré,15,33,1,1,18,2,1,2
16,2025-10-08,F,6,18,Nombre,Stef,29,47,1,1,18,1,1,3
16,2025-10-08,F,6,18,Nombre,Aurel,99,117,1,1,18,3,1,4
16,2025-10-08,F,6,18,Nombre,Lolo,100,118,1,1,18,5,1,5
16,2025-10-08,F,7,Couleurs,Spécial,Lolo,119,59,0,,-60,4,1,1
16,2025-10-08,F,7,Couleurs,Spécial,Carré,33,16,0,,-17,2,1,2
16,2025-10-08,F,7,Couleurs,Spécial,Stef,47,122,1,,75,1,1,3
16,2025-10-08,F,7,Couleurs,Spécial,Aurel,117,58,0,,-59,3,1,4
16,2025-10-08,F,7,Couleurs,Spécial,Lolo,118,59,0,,-59,5,1,5
16,2025-10-08,F,8,17,Nombre,Lolo,59,110,1,3,51,4,1,1
16,2025-10-08,F,8,17,Nombre,Carré,16,33,1,1,17,2,1,2
16,2025-10-08,F,8,17,Nombre,Stef,122,156,1,2,34,1,1,3
16,2025-10-08,F,8,17,Nombre,Aurel,58,92,1,2,34,3,1,4
16,2025-10-08,F,8,17,Nombre,Lolo,59,110,1,3,51,5,1,5
16,2025-10-08,F,9,57 pts,Spécial,Lolo,110,55,0,,-55,4,1,1
16,2025-10-08,F,9,57 pts,Spécial,Carré,33,16,0,,-17,2,1,2
16,2025-10-08,F,9,57 pts,Spécial,Stef,156,213,1,,57,1,1,3
16,2025-10-08,F,9,57 pts,Spécial,Aurel,92,46,0,,-46,3,1,4
16,2025-10-08,F,9,57 pts,Spécial,Lolo,110,55,0,,-55,5,1,5
16,2025-10-08,F,10,16,Nombre,Lolo,55,87,1,2,32,4,1,1
16,2025-10-08,F,10,16,Nombre,Carré,16,32,1,1,16,2,1,2
16,2025-10-08,F,10,16,Nombre,Stef,213,261,1,3,48,1,1,3
16,2025-10-08,F,10,16,Nombre,Aurel,46,78,1,2,32,3,1,4
16,2025-10-08,F,10,16,Nombre,Lolo,55,71,1,1,16,5,1,5
16,2025-10-08,F,11,Peluche,Spécial,Lolo,87,43,0,,-44,4,1,1
16,2025-10-08,F,11,Peluche,Spécial,Carré,32,16,0,,-16,2,1,2
16,2025-10-08,F,11,Peluche,Spécial,Stef,261,281,1,,20,1,1,3
16,2025-10-08,F,11,Peluche,Spécial,Aurel,78,39,0,,-39,3,1,4
16,2025-10-08,F,11,Peluche,Spécial,Lolo,71,91,1,,20,5,1,5
16,2025-10-08,F,12,15,Nombre,Lolo,43,133,1,6,90,4,1,1
16,2025-10-08,F,12,15,Nombre,Carré,16,46,1,2,30,2,1,2
16,2025-10-08,F,12,15,Nombre,Stef,281,311,1,2,30,1,1,3
16,2025-10-08,F,12,15,Nombre,Aurel,39,69,1,2,30,3,1,4
16,2025-10-08,F,12,15,Nombre,Lolo,91,136,1,3,45,5,1,5
16,2025-10-08,F,13,Triple,Spécial,Lolo,133,163,1,,30,4,1,1
16,2025-10-08,F,13,Triple,Spécial,Carré,46,103,1,,57,2,1,2
16,2025-10-08,F,13,Triple,Spécial,Stef,311,368,1,,57,1,1,3
16,2025-10-08,F,13,Triple,Spécial,Aurel,69,34,0,,-35,3,1,4
16,2025-10-08,F,13,Triple,Spécial,Lolo,136,193,1,,57,5,1,5
16,2025-10-08,F,14,14,Nombre,Lolo,163,177,1,1,14,4,1,1
16,2025-10-08,F,14,14,Nombre,Carré,103,117,1,1,14,2,1,2
16,2025-10-08,F,14,14,Nombre,Stef,368,410,1,3,42,1,1,3
16,2025-10-08,F,14,14,Nombre,Aurel,34,76,1,3,42,3,1,4
16,2025-10-08,F,14,14,Nombre,Lolo,193,96,0,"-6,928571429",-97,5,1,5
16,2025-10-08,F,15,Double,Spécial,Lolo,177,88,0,,-89,4,1,1
16,2025-10-08,F,15,Double,Spécial,Carré,117,58,0,,-59,2,1,2
16,2025-10-08,F,15,Double,Spécial,Stef,410,448,1,,38,1,1,3
16,2025-10-08,F,15,Double,Spécial,Aurel,76,108,1,,32,3,1,4
16,2025-10-08,F,15,Double,Spécial,Lolo,96,48,0,,-48,5,1,5
16,2025-10-08,F,16,13,Nombre,Lolo,88,101,1,1,13,4,1,1
16,2025-10-08,F,16,13,Nombre,Carré,58,97,1,3,39,2,1,2
16,2025-10-08,F,16,13,Nombre,Stef,448,461,1,1,13,1,1,3
16,2025-10-08,F,16,13,Nombre,Aurel,108,147,1,3,39,3,1,4
16,2025-10-08,F,16,13,Nombre,Lolo,48,61,1,1,13,5,1,5
16,2025-10-08,F,17,25,Spécial,Lolo,101,50,0,"-2,04",-51,4,1,1
16,2025-10-08,F,17,25,Spécial,Carré,97,122,1,1,25,2,1,2
16,2025-10-08,F,17,25,Spécial,Stef,461,230,0,"-9,24",-231,1,1,3
16,2025-10-08,F,17,25,Spécial,Aurel,147,73,0,"-2,96",-74,3,1,4
16,2025-10-08,F,17,25,Spécial,Lolo,61,30,0,"-1,24",-31,5,1,5